-- --------------------------------------------------------
-- Host:                         127.0.0.1
-- Versión del servidor:         8.0.23 - MySQL Community Server - GPL
-- SO del servidor:              Win64
-- HeidiSQL Versión:             11.1.0.6116
-- --------------------------------------------------------

/*!40101 SET @OLD_CHARACTER_SET_CLIENT=@@CHARACTER_SET_CLIENT */;
/*!40101 SET NAMES utf8 */;
/*!50503 SET NAMES utf8mb4 */;
/*!40014 SET @OLD_FOREIGN_KEY_CHECKS=@@FOREIGN_KEY_CHECKS, FOREIGN_KEY_CHECKS=0 */;
/*!40101 SET @OLD_SQL_MODE=@@SQL_MODE, SQL_MODE='NO_AUTO_VALUE_ON_ZERO' */;
/*!40111 SET @OLD_SQL_NOTES=@@SQL_NOTES, SQL_NOTES=0 */;


-- Volcando estructura de base de datos para proyectorestaurante
CREATE DATABASE IF NOT EXISTS `proyectorestaurante` /*!40100 DEFAULT CHARACTER SET utf8 */ /*!80016 DEFAULT ENCRYPTION='N' */;
USE `proyectorestaurante`;

-- Volcando estructura para tabla proyectorestaurante.area_reparto
CREATE TABLE IF NOT EXISTS `area_reparto` (
  `Codigo_Postal` decimal(5,0) NOT NULL,
  `Cod_Restaurante` int NOT NULL,
  PRIMARY KEY (`Codigo_Postal`),
  KEY `fk_Area reparto_Restaurante1_idx` (`Cod_Restaurante`),
  CONSTRAINT `fk_Area reparto_Restaurante1` FOREIGN KEY (`Cod_Restaurante`) REFERENCES `restaurante` (`Cod_Restaurante`)
) ENGINE=InnoDB DEFAULT CHARSET=utf8;

-- Volcando datos para la tabla proyectorestaurante.area_reparto: ~5 rows (aproximadamente)
/*!40000 ALTER TABLE `area_reparto` DISABLE KEYS */;
REPLACE INTO `area_reparto` (`Codigo_Postal`, `Cod_Restaurante`) VALUES
	(41950, 1),
	(41910, 2),
	(41960, 3),
	(41930, 4),
	(41900, 5);
/*!40000 ALTER TABLE `area_reparto` ENABLE KEYS */;

-- Volcando estructura para tabla proyectorestaurante.auditoria
CREATE TABLE IF NOT EXISTS `auditoria` (
  `usuario` varchar(200) DEFAULT NULL,
  `descripcion` text,
  `fecha` datetime DEFAULT NULL
) ENGINE=InnoDB DEFAULT CHARSET=utf8;

-- Volcando datos para la tabla proyectorestaurante.auditoria: ~2 rows (aproximadamente)
/*!40000 ALTER TABLE `auditoria` DISABLE KEYS */;
REPLACE INTO `auditoria` (`usuario`, `descripcion`, `fecha`) VALUES
	('root@localhost', 'Se modifico el precio del inmueble   (10.50) por (5.00)', '2021-03-20 12:44:05'),
	('root@localhost', 'Se modifico el precio del inmueble   (5.00) por (11.00)', '2021-03-20 12:45:15');
/*!40000 ALTER TABLE `auditoria` ENABLE KEYS */;

-- Volcando estructura para función proyectorestaurante.BeneficioPlato
DELIMITER //
CREATE FUNCTION `BeneficioPlato`(coste float, precio float) RETURNS float
    DETERMINISTIC
    COMMENT 'Nos devuelve el beneficio que genera el plato'
BEGIN
DECLARE beneficio float;
 SET beneficio=precio-coste;
 RETURN beneficio;

END//
DELIMITER ;

-- Volcando estructura para procedimiento proyectorestaurante.cambiarPrecioPlato
DELIMITER //
CREATE PROCEDURE `cambiarPrecioPlato`(`precionuevo` decimal(4,2),`id` INT)
BEGIN
UPDATE platos SET precio=precionuevo WHERE Cod_Platos=id;
END//
DELIMITER ;

-- Volcando estructura para tabla proyectorestaurante.cliente
CREATE TABLE IF NOT EXISTS `cliente` (
  `DNI` varchar(9) DEFAULT NULL,
  `Nombre` varchar(45) DEFAULT NULL,
  `Apellido` varchar(45) DEFAULT NULL,
  `Direccion` varchar(45) DEFAULT NULL,
  `Codigo_Postal` int DEFAULT NULL,
  `Telefono` int DEFAULT NULL,
  `Cod_Cliente` int NOT NULL AUTO_INCREMENT,
  PRIMARY KEY (`Cod_Cliente`),
  KEY `Codigo_Postal` (`Codigo_Postal`)
) ENGINE=InnoDB AUTO_INCREMENT=1004 DEFAULT CHARSET=utf8;

-- Volcando datos para la tabla proyectorestaurante.cliente: ~1.000 rows (aproximadamente)
/*!40000 ALTER TABLE `cliente` DISABLE KEYS */;
REPLACE INTO `cliente` (`DNI`, `Nombre`, `Apellido`, `Direccion`, `Codigo_Postal`, `Telefono`, `Cod_Cliente`) VALUES
	('88067470X', 'Sebastian', 'Luna', 'Camino Constitución 906', 41900, 606658766, 1),
	('14320506Q', 'Emilio Jose', 'Chamorro', 'Vía Constitución 891', 41900, 615634861, 2),
	('44623906L', 'Alba', 'Dorado', 'Paseo Diego Velázquez 936', 41900, 632282839, 3),
	('30042043H', 'Omar', 'Barreiro', 'Callejón Pablo Picasso 780', 41900, 666429705, 4),
	('26530230Y', 'Joaquina', 'Padilla', 'Travesía Rafael Alberti 434', 41900, 649856884, 5),
	('65686802K', 'Ramon', 'Muñiz', 'Camino San Antonio 449', 41900, 652998971, 6),
	('07317633E', 'Alexandra', 'Cid', 'Gran vía San Miguel 450', 41900, 628478164, 7),
	('35975152R', 'Dario', 'Salguero', 'Cuesta Manuel de Falla 868', 41900, 662746365, 8),
	('24794393W', 'Jose Daniel', 'Soria', 'Cuesta Ramón y Cajal 631', 41900, 677125725, 9),
	('39480567D', 'Kevin', 'Hernandez', 'Carrera Iglesia 347', 41900, 650324158, 10),
	('50428041N', 'Maria Rocio', 'Rico', 'Camino Rafael Alberti 733', 41900, 737709341, 11),
	('77243526G', 'Armando', 'Salgado', 'Paseo Manuel de Falla 682', 41900, 756958320, 12),
	('09535200K', 'Jorge', 'Navarro', 'Gran vía Santa Ana 524', 41900, 636829677, 13),
	('23188542B', 'Noelia', 'Solano', 'Camino San Juan 983', 41950, 642763403, 14),
	('54126086W', 'Hugo', 'Alonso', 'Corredera Constitución 884', 41950, 631655429, 15),
	('88183711D', 'Candido', 'Mas', 'Cuesta Rafael Alberti 380', 41950, 636941478, 16),
	('85786705V', 'Elsa', 'Navarrete', 'Gran vía Miguel Hernández 514', 41950, 664687760, 17),
	('27618889Y', 'Faustino', 'Becerra', 'Carrera San Isidro 277', 41950, 619764847, 18),
	('97828378V', 'Ezequiel', 'Alcaraz', 'Corredera Pedralbes 103', 41950, 658766497, 19),
	('22457411G', 'Maria Ines', 'Borrego', 'Vereda de España 145', 41950, 656154287, 20),
	('34328454B', 'Lucia', 'Luque', 'Vereda Madrid 428', 41950, 669010267, 21),
	('09234722S', 'Eladio', 'Rivero', 'Gran vía Madrid 406', 41950, 652846917, 22),
	('32647127F', 'Antoni', 'Del Pozo', 'Ronda Rafael Alberti 906', 41950, 659893374, 23),
	('01132828D', 'Jacobo', 'Martinez', 'Pasaje San Roque 170', 41950, 631518949, 24),
	('78289899S', 'Izan', 'Paniagua', 'Corredera Manuel de Falla 258', 41950, 638809543, 25),
	('27402251M', 'Juan Francisco', 'Parra', 'Corredera María Zambrano 80', 41950, 623264975, 26),
	('21807142Z', 'Arturo', 'Martinez', 'Pasaje Santa Ana 206', 41950, 606129462, 27),
	('44989357T', 'Josefa', 'Rojas', 'Cuesta Ramón y Cajal 694', 41950, 684533747, 28),
	('25060954Q', 'Virginia', 'Miguel', 'Callejón Catalunya 674', 41950, 672040240, 29),
	('80393436H', 'Guillem', 'Pereira', 'Calle San José 697', 41950, 665671835, 30),
	('29199256C', 'Joaquina', 'Bernal', 'Vía Pedralbes 943', 41950, 652704963, 31),
	('62848586M', 'Francisco Manuel', 'Alcazar', 'Callejón Lorca 276', 41950, 729658174, 32),
	('41806092G', 'Maria Concepcion', 'Soler', 'Vía Iglesia 890', 41950, 668398859, 33),
	('25956293B', 'Asier', 'Ferrer', 'Vereda Nueva 999', 41950, 615727297, 34),
	('83950130S', 'Gorka', 'Morillo', 'Avenida Horno 710', 41950, 676088685, 35),
	('01798619L', 'Nayara', 'Amaya', 'Travesía Ramón y Cajal 443', 41960, 651942530, 36),
	('52009626W', 'Guillermo', 'Heras', 'Corredera Miguel de Cervantes 459', 41960, 723189976, 37),
	('34484177R', 'Juan', 'Aparicio', 'Rambla Doctor Fleming 705', 41960, 680207751, 38),
	('26964904A', 'Alejandra', 'Rovira', 'Vereda Fuente 28', 41960, 653611136, 39),
	('93628513K', 'Sagrario', 'Crespo', 'Pasaje San Pedro 240', 41960, 682845460, 40),
	('71945966B', 'Andreu', 'Toro', 'Corredera San Roque 192', 41960, 688892950, 41),
	('31928354F', 'Ramiro', 'Nieto', 'Cuesta Diego Velázquez 996', 41960, 622704728, 42),
	('44203211V', 'Eulalia', 'Bartolome', 'Corredera Santa Ana 530', 41960, 647780295, 43),
	('17505538P', 'Enric', 'Gonzalez', 'Cuesta Real 926', 41960, 634326159, 44),
	('85371325V', 'Maria Mercedes', 'Perez', 'Paseo San Antonio 172', 41960, 681761506, 45),
	('93688768Q', 'Cristobal', 'Fraile', 'Paseo San Miguel 834', 41960, 678068942, 46),
	('44877412L', 'Jose Fernando', 'Mas', 'Pasaje Miguel de Cervantes 57', 41960, 683088982, 47),
	('16983131T', 'Christian', 'Angulo', 'Paseo Santa Ana 338', 41960, 635562098, 48),
	('02280166S', 'Marco', 'Rubio', 'Ronda Doctor Fleming 839', 41960, 655240600, 49),
	('23445887D', 'Mohammed', 'Estrada', 'Avenida Manuel de Falla 288', 41960, 788864441, 50),
	('24224577B', 'Asier', 'Vera', 'Rambla Antonio Machado 38', 41960, 648200558, 51),
	('40829652Y', 'Jose David', 'Vicente', 'Callejón San Antonio 454', 41960, 613962508, 52),
	('91457301D', 'Gema', 'Chamorro', 'Vía Miguel Hernández 205', 41960, 688090684, 53),
	('70732625N', 'Jose Angel', 'Marquez', 'Cuesta Madrid 889', 41960, 642005316, 54),
	('28358495R', 'Jose Ramon', 'Font', 'Ronda Vicente Aleixandre 38', 41960, 692293129, 55),
	('29075033C', 'Maria Manuela', 'Heras', 'Calle Nueva 845', 41960, 689076924, 56),
	('36160046K', 'Jacinto', 'Salazar', 'Avenida Nueva 524', 41960, 634058249, 57),
	('28841552N', 'Benjamin', 'Alcaraz', 'Callejón María Zambrano 185', 41960, 680959913, 58),
	('04981504A', 'Gregorio', 'Luna', 'Corredera Pablo Picasso 846', 41930, 621598731, 59),
	('86313556F', 'Luis Fernando', 'Maldonado', 'Rambla Rafael Murillo 492', 41930, 647386753, 60),
	('46714150T', 'Anna Maria', 'Aragon', 'Pasaje Pedralbes 808', 41930, 612408354, 61),
	('06511612J', 'Alba', 'Robles', 'Travesía Lorca 124', 41930, 645903509, 62),
	('26725270Y', 'Jon', 'Ruano', 'Camino Vicente Aleixandre 154', 41930, 607691963, 63),
	('25181207W', 'Igor', 'Barbero', 'Rambla Real 507', 41930, 762444604, 64),
	('64050975T', 'Maria Francisca', 'Burgos', 'Ronda San Miguel 168', 41930, 644254111, 65),
	('77762783J', 'Jose Angel', 'Murillo', 'Rambla Diego Velázquez 999', 41930, 649327368, 66),
	('02562540H', 'Marc', 'Romero', 'Rambla Pablo Picasso 17', 41930, 633949310, 67),
	('34927341R', 'Maria Amparo', 'Mateu', 'Rambla San Pedro 859', 41930, 615488386, 68),
	('07915030V', 'Arturo', 'Ferreiro', 'Corredera Miguel de Cervantes 806', 41930, 661403345, 69),
	('02888610V', 'Montserrat', 'Garcia', 'Paseo Miguel de Cervantes 759', 41930, 734032351, 70),
	('73225294X', 'Carmen', 'Carrasco', 'Callejón Fuente 751', 41930, 677160901, 71),
	('17517667Q', 'Damian', 'Herrera', 'Camino San Isidro 507', 41930, 638030165, 72),
	('63494547B', 'Ana', 'Barroso', 'Rambla Diego Velázquez 397', 41930, 692114951, 73),
	('71619533V', 'Juan Maria', 'Estevez', 'Callejón Mayor 247', 41910, 631424434, 74),
	('91155332F', 'Jonathan', 'Domingo', 'Vereda Mayor 896', 41910, 695645651, 75),
	('65619695M', 'Jesus Maria', 'Pazos', 'Avenida Ramón y Cajal 820', 41910, 604981354, 76),
	('62519981R', 'Ainara', 'Pastor', 'Ronda Rafael Alberti 330', 41910, 631505919, 77),
	('75714105Z', 'Lorena', 'Lorenzo', 'Carrera San Juan 273', 41910, 678697304, 78),
	('31477659C', 'Luis Antonio', 'Del Pozo', 'Pasaje Clara Campoamor 719', 41910, 668485639, 79),
	('76383539X', 'Juan Carlos', 'Lopez', 'Callejón San Isidro 887', 41910, 674726725, 80),
	('69066981M', 'Celestino', 'Zambrano', 'Vía San Pedro 655', 41910, 611252812, 81),
	('35115857D', 'Mohammed', 'Herrero', 'Calle San Antonio 495', 41910, 627173600, 82),
	('20533579F', 'Mercedes', 'Alfaro', 'Calle Antonio Machado 759', 41910, 730009299, 83),
	('44269659H', 'Agueda', 'Amador', 'Rambla San Pedro 810', 41910, 607960254, 84),
	('61997745A', 'Rosa', 'Freire', 'Gran vía Miguel de Cervantes 841', 41910, 628067863, 85),
	('41213652K', 'Luis Miguel', 'Baena', 'Paseo de España 28', 41910, 621894220, 86),
	('82549590Z', 'Abel', 'Barrio', 'Pasaje Iglesia 310', 41910, 649234278, 87),
	('36880464X', 'Anna Maria', 'Olmo', 'Cuesta Pedralbes 598', 41910, 631668783, 88),
	('09873778Q', 'Manuel Antonio', 'Soto', 'Cuesta Catalunya 433', 41900, 645144765, 89),
	('60029346J', 'Lydia', 'Mohamed', 'Carrera Nueva 461', 41900, 604766341, 90),
	('92821815W', 'Iñaki', 'Escribano', 'Travesía San Roque 849', 41900, 681119880, 91),
	('60604304V', 'Remedios', 'Vergara', 'Gran vía de España 900', 41900, 627820048, 92),
	('00981714M', 'Maria Fernanda', 'Martos', 'Gran vía Doctor Fleming 32', 41900, 644472136, 93),
	('16096378N', 'Francisco Javier', 'Huerta', 'Vereda Pablo Picasso 239', 41900, 611708250, 94),
	('44811249G', 'Aina', 'Aguirre', 'Avenida de España 422', 41900, 622795083, 95),
	('19536071D', 'Hassan', 'Barrio', 'Pasaje Vicente Aleixandre 633', 41900, 637580043, 96),
	('18263722C', 'Aaron', 'Pino', 'Corredera Rafael Alberti 449', 41900, 628032701, 97),
	('40737272V', 'Jorge', 'Duque', 'Avenida San Pedro 581', 41900, 630518011, 98),
	('19492840H', 'Luisa', 'Saavedra', 'Calle Manuel de Falla 600', 41900, 613273854, 99),
	('14069522P', 'Neus', 'Singh', 'Callejón Manuel de Falla 513', 41900, 672563006, 100),
	('53828849V', 'Ismael', 'Velez', 'Pasaje Santa Ana 432', 41900, 687195351, 101),
	('53443892B', 'Carles', 'Domingo', 'Vereda San José 305', 41950, 631004932, 102),
	('02018523C', 'Adelina', 'Rincon', 'Vereda Miguel de Cervantes 2', 41950, 644016970, 103),
	('85313437C', 'Tomas', 'Garrido', 'Avenida Iglesia 417', 41950, 648225704, 104),
	('74919340Z', 'Santiago', 'Santana', 'Corredera San Isidro 447', 41950, 637113363, 105),
	('37559873E', 'Cristina', 'Arias', 'Gran vía Iglesia 122', 41950, 644104185, 106),
	('98901851B', 'Victoria', 'Soriano', 'Ronda Nueva 643', 41950, 692346105, 107),
	('44235826H', 'Ines', 'Leal', 'Ronda Real 213', 41950, 680654378, 108),
	('12077481C', 'Merce', 'Escribano', 'Cuesta Antonio Machado 508', 41950, 657621069, 109),
	('53531558R', 'Victor', 'Redondo', 'Avenida San Miguel 719', 41950, 662657422, 110),
	('31526260E', 'Jose Miguel', 'Belmonte', 'Gran vía Lorca 541', 41950, 603984172, 111),
	('88543739H', 'Dario', 'Manzano', 'Paseo Miguel Hernández 254', 41950, 638929632, 112),
	('98080718R', 'Virginia', 'Singh', 'Paseo Miguel Hernández 354', 41950, 691623785, 113),
	('08260267R', 'Juan Miguel', 'Aguilar', 'Avenida Diego Velázquez 570', 41950, 603352463, 114),
	('54289330S', 'Teodoro', 'Arias', 'Vía Rafael Murillo 577', 41950, 692117111, 115),
	('63790420N', 'Jacinto', 'Llorens', 'Vía Fuente 404', 41950, 674471348, 116),
	('61090165A', 'Tamara', 'Saenz', 'Vía Antonio Machado 875', 41950, 632737578, 117),
	('19846830S', 'Benito', 'Alonso', 'Cuesta San José 87', 41950, 615059516, 118),
	('03447077K', 'Eulalia', 'Soto', 'Gran vía San Juan 883', 41950, 731863197, 119),
	('08835176W', 'Eneko', 'Pavon', 'Corredera San Pedro 264', 41950, 673716753, 120),
	('13620461E', 'Maria Mar', 'Calderon', 'Rambla Horno 100', 41950, 663184089, 121),
	('28817150J', 'Jose Manuel', 'Bonilla', 'Callejón San Pedro 482', 41950, 610887511, 122),
	('53807858W', 'Elizabeth', 'Espejo', 'Callejón Pablo Picasso 870', 41950, 606041361, 123),
	('65533845Z', 'Ignacio', 'Cantero', 'Cuesta Rafael Alberti 960', 41960, 609053940, 124),
	('47407150X', 'Filomena', 'Llamas', 'Calle Ramón y Cajal 836', 41960, 671053091, 125),
	('53829754W', 'Petra', 'Chamorro', 'Corredera Juan Ramón Jiménez 618', 41960, 624209971, 126),
	('72257312Y', 'Mateo', 'Gallardo', 'Vía Fuente 818', 41960, 655165857, 127),
	('71385966S', 'Esperanza', 'Beltran', 'Vía Mayor 940', 41960, 613927438, 128),
	('02019866Y', 'Ainhoa', 'Portillo', 'Rambla Miguel de Cervantes 871', 41960, 607043929, 129),
	('50178777E', 'Dolores', 'Ros', 'Rambla Iglesia 532', 41960, 644575311, 130),
	('19511623X', 'Sagrario', 'Salas', 'Camino San Antonio 983', 41960, 684337531, 131),
	('29731361C', 'Carlota', 'Guerrero', 'Rambla Manuel de Falla 686', 41960, 676039145, 132),
	('22561125B', 'Angel', 'Sole', 'Carrera Constitución 596', 41960, 715309437, 133),
	('91935310D', 'Victor', 'Wang', 'Carrera Madrid 264', 41960, 621373956, 134),
	('56032200Z', 'Natividad', 'Gallardo', 'Calle Horno 39', 41960, 620426020, 135),
	('00405594N', 'Leandro', 'Alcaide', 'Vereda Constitución 178', 41960, 628309459, 136),
	('25920044X', 'Yolanda', 'De Miguel', 'Vereda Santa Ana 250', 41960, 675894595, 137),
	('39184167X', 'Emilio', 'Marques', 'Travesía Lorca 844', 41960, 687250309, 138),
	('46879801M', 'Iñigo', 'Zambrano', 'Callejón Rafael Alberti 165', 41960, 615572522, 139),
	('56740765H', 'Enriqueta', 'Herrera', 'Carrera Miguel Hernández 704', 41960, 643696669, 140),
	('92474020J', 'Jairo', 'Rosales', 'Pasaje Santa Ana 493', 41960, 658285127, 141),
	('69365168C', 'Pablo', 'Aviles', 'Paseo San Antonio 399', 41960, 694566169, 142),
	('30856602D', 'Carme', 'Rovira', 'Vereda Constitución 504', 41960, 609770688, 143),
	('06808058N', 'Iria', 'Pelaez', 'Calle María Zambrano 711', 41960, 613485200, 144),
	('00563693D', 'Eloisa', 'Sala', 'Corredera de España 755', 41960, 662838425, 145),
	('23641476Y', 'Alexander', 'Soria', 'Travesía San Antonio 296', 41960, 606128555, 146),
	('53862908J', 'Carlos Alberto', 'Ferrero', 'Callejón Clara Campoamor 773', 41930, 623474542, 147),
	('67971947R', 'Alba Maria', 'Collado', 'Camino Clara Campoamor 632', 41930, 615011118, 148),
	('41949702W', 'Jesus Manuel', 'Carrera', 'Gran vía Clara Campoamor 189', 41930, 628193045, 149),
	('02173342A', 'Ramon', 'Herrero', 'Avenida Miguel Hernández 206', 41930, 665627775, 150),
	('14016160Y', 'Aroa', 'Castro', 'Vía Juan Ramón Jiménez 376', 41930, 668724138, 151),
	('11174177H', 'Maria Aranzazu', 'Villanueva', 'Pasaje Clara Campoamor 61', 41930, 660576196, 152),
	('67169070P', 'Rodrigo', 'Simon', 'Travesía Catalunya 393', 41930, 630494949, 153),
	('98986722N', 'Alba Maria', 'Sosa', 'Carrera Manuel de Falla 386', 41930, 649151523, 154),
	('80017114E', 'Gregorio', 'Aparicio', 'Carrera Santa Ana 854', 41930, 681681467, 155),
	('85488428G', 'Maria Aranzazu', 'Rosado', 'Callejón Doctor Fleming 16', 41930, 638544360, 156),
	('35791994S', 'Josep', 'Vidal', 'Camino Fuente 77', 41930, 657994599, 157),
	('79411832P', 'Merce', 'Brito', 'Rambla Madrid 391', 41930, 693136013, 158),
	('59013759Z', 'Antonio', 'Pizarro', 'Pasaje San Juan 389', 41930, 651582806, 159),
	('39791398H', 'Gisela', 'Canovas', 'Ronda Antonio Machado 542', 41930, 652502287, 160),
	('77332286F', 'Joaquin', 'Cobo', 'Carrera Rafael Alberti 441', 41930, 683960047, 161),
	('52950534A', 'Joaquin', 'Coll', 'Calle San José 901', 41910, 682770476, 162),
	('32793312G', 'Herminia', 'Zapata', 'Carrera Fuente 385', 41910, 651816732, 163),
	('25624986L', 'Christian', 'Costa', 'Callejón Constitución 966', 41910, 687740404, 164),
	('95360870H', 'Alba', 'Nicolas', 'Gran vía Iglesia 758', 41910, 601523356, 165),
	('28108739W', 'Jacinto', 'Cuadrado', 'Vereda Nueva 990', 41910, 608707055, 166),
	('70127088L', 'Diego', 'Amador', 'Paseo San Isidro 975', 41910, 629145599, 167),
	('65827766H', 'Alba Maria', 'Roig', 'Corredera San Juan 471', 41910, 602477275, 168),
	('98820568X', 'Isaac', 'Plaza', 'Vía Mayor 334', 41910, 641245266, 169),
	('34498891H', 'Lucia', 'Villanueva', 'Cuesta Mayor 740', 41910, 662104209, 170),
	('60130209K', 'Maria Lourdes', 'Barroso', 'Corredera Rafael Alberti 699', 41910, 623498694, 171),
	('46111483W', 'Gorka', 'Cabello', 'Calle Rafael Murillo 508', 41910, 682619493, 172),
	('16693077E', 'Jose Enrique', 'Martos', 'Vereda Catalunya 802', 41910, 667396605, 173),
	('59534183V', 'Alvaro', 'Cordoba', 'Carrera Fuente 605', 41910, 699611520, 174),
	('09631686E', 'Luis Angel', 'Carballo', 'Travesía Vicente Aleixandre 286', 41910, 644963604, 175),
	('19392345X', 'Gisela', 'Asensio', 'Gran vía San José 157', 41910, 666373882, 176),
	('69138744P', 'Maria Luz', 'Mosquera', 'Vereda Catalunya 587', 41900, 750326110, 177),
	('53947818F', 'Carmen', 'Requena', 'Ronda Iglesia 691', 41900, 600433043, 178),
	('60533814E', 'Adelaida', 'Linares', 'Vereda San Pedro 267', 41900, 697484197, 179),
	('13589803T', 'Xavier', 'Espinosa', 'Ronda Pablo Picasso 499', 41900, 692306236, 180),
	('30884497M', 'Isabel', 'Saez', 'Paseo Mayor 213', 41900, 665521714, 181),
	('64858558F', 'Juana', 'Pereira', 'Paseo San Pedro 109', 41900, 616886212, 182),
	('86498426A', 'Tatiana', 'Grau', 'Camino Santa Ana 199', 41900, 693192150, 183),
	('77970406S', 'Jesus Angel', 'Cobo', 'Rambla Iglesia 460', 41900, 640561034, 184),
	('13468818H', 'Maria Montserrat', 'Estevez', 'Travesía Fuente 927', 41900, 632082478, 185),
	('22009774Q', 'Manuel Antonio', 'Escobar', 'Corredera Mayor 450', 41900, 638136564, 186),
	('02497048F', 'Noemi', 'De La Torre', 'Corredera San Miguel 893', 41900, 678047017, 187),
	('15454597T', 'Maria Isabel', 'De La Torre', 'Gran vía Rafael Murillo 902', 41900, 644117848, 188),
	('68678618C', 'Elias', 'Esteban', 'Calle San José 950', 41900, 621195947, 189),
	('68432053S', 'Elisabet', 'Alcaraz', 'Ronda San Antonio 519', 41950, 644601162, 190),
	('00583006W', 'Alejandro', 'Cuesta', 'Camino San Miguel 285', 41950, 609865205, 191),
	('35430675A', 'Florentino', 'Hervas', 'Corredera San Antonio 395', 41950, 643529432, 192),
	('34635308E', 'Irene', 'Piñeiro', 'Pasaje Mayor 312', 41950, 631550509, 193),
	('58076385M', 'Maria Amparo', 'Serra', 'Vereda Miguel de Cervantes 273', 41950, 630736960, 194),
	('03472881L', 'Maria Francisca', 'Cuesta', 'Gran vía Constitución 434', 41950, 645497938, 195),
	('12850164H', 'Santiago', 'Pujol', 'Vereda Juan Ramón Jiménez 127', 41950, 648907876, 196),
	('88393173X', 'Francisco Manuel', 'Carrillo', 'Vereda María Zambrano 227', 41950, 694894771, 197),
	('64774715E', 'Mireia', 'Recio', 'Gran vía Ramón y Cajal 859', 41950, 622003754, 198),
	('21283725P', 'Said', 'Mora', 'Camino San Isidro 426', 41950, 601252797, 199),
	('56597825T', 'Guadalupe', 'Mora', 'Pasaje San José 482', 41950, 696081898, 200),
	('83889655F', 'Sagrario', 'Moyano', 'Vía San José 410', 41950, 643944487, 201),
	('80737452T', 'Maria Consuelo', 'Mateu', 'Cuesta Clara Campoamor 598', 41950, 616075556, 202),
	('81577077X', 'Natividad', 'Muñoz', 'Corredera Antonio Machado 887', 41950, 676034248, 203),
	('75532819Z', 'Felix', 'Asensio', 'Avenida Antonio Machado 259', 41950, 685729685, 204),
	('76475414T', 'Margarita', 'Figueroa', 'Vereda Madrid 254', 41950, 629895343, 205),
	('12065332S', 'Javier', 'Zapata', 'Carrera Catalunya 29', 41950, 653823063, 206),
	('55525700C', 'Julio', 'Aguirre', 'Callejón Manuel de Falla 162', 41950, 694454208, 207),
	('08554798V', 'Domingo', 'Paniagua', 'Gran vía San Juan 297', 41950, 626951109, 208),
	('51218881C', 'Damian', 'Carbonell', 'Gran vía San José 264', 41950, 604172609, 209),
	('37496766G', 'Sebastian', 'Serrano', 'Rambla Constitución 694', 41950, 603427268, 210),
	('95306496Q', 'Yaiza', 'Fernandez', 'Ronda Rafael Murillo 57', 41950, 610017787, 211),
	('06184791E', 'Sara', 'Huerta', 'Avenida Pablo Picasso 686', 41960, 670623798, 212),
	('40389590A', 'Carles', 'Blasco', 'Camino Lorca 818', 41960, 699403984, 213),
	('75758976N', 'Luis', 'Wang', 'Vía Iglesia 718', 41960, 685416158, 214),
	('48081521K', 'Joaquim', 'Soriano', 'Corredera San Pedro 84', 41960, 665932223, 215),
	('34674519H', 'Maria Angeles', 'Pavon', 'Paseo Rafael Murillo 732', 41960, 698296791, 216),
	('57527847V', 'Sheila', 'Navarro', 'Gran vía Pablo Picasso 235', 41960, 742011527, 217),
	('20720056T', 'Vicenta', 'Ferrero', 'Camino Ramón y Cajal 86', 41960, 613701700, 218),
	('60473948W', 'Maria Mar', 'Santamaria', 'Corredera Doctor Fleming 264', 41960, 684709113, 219),
	('26239317C', 'Joel', 'Ventura', 'Pasaje San José 411', 41960, 610216834, 220),
	('06491211J', 'Filomena', 'Piñero', 'Pasaje María Zambrano 818', 41960, 686036679, 221),
	('00924099M', 'Araceli', 'Blanco', 'Vereda Nueva 388', 41960, 621248188, 222),
	('97291310E', 'Guadalupe', 'Miranda', 'Travesía Miguel Hernández 312', 41960, 660301640, 223),
	('94335407X', 'Edgar', 'Martin', 'Callejón Catalunya 867', 41960, 633898960, 224),
	('48918858C', 'Gabriela', 'Moya', 'Vereda Real 884', 41960, 676471913, 225),
	('18449009L', 'Ana Isabel', 'Jurado', 'Callejón Doctor Fleming 504', 41960, 647844173, 226),
	('33000075C', 'Asuncion', 'Sancho', 'Gran vía Constitución 102', 41960, 672634702, 227),
	('72665605A', 'Pascual', 'Tena', 'Cuesta Iglesia 967', 41960, 679488265, 228),
	('02408933M', 'Carlota', 'Sola', 'Corredera San Isidro 66', 41960, 653094599, 229),
	('01059339M', 'Maria Paz', 'Quintana', 'Cuesta Miguel de Cervantes 834', 41960, 676387708, 230),
	('55341472E', 'Noelia', 'Mata', 'Rambla Antonio Machado 77', 41960, 655961458, 231),
	('75311180A', 'Enriqueta', 'Olmo', 'Callejón Clara Campoamor 199', 41960, 646382908, 232),
	('55361462W', 'Yolanda', 'Peña', 'Avenida San Antonio 33', 41960, 640122112, 233),
	('13820822F', 'Alba Maria', 'Pardo', 'Calle Horno 812', 41960, 616300657, 234),
	('78440155N', 'Sandra', 'Carballo', 'Pasaje San Antonio 235', 41930, 691833632, 235),
	('86229545S', 'Carlos Javier', 'Romero', 'Camino San Pedro 661', 41930, 614712763, 236),
	('23155373P', 'Lidia', 'Contreras', 'Carrera Miguel Hernández 538', 41930, 650526262, 237),
	('31461438Z', 'Celestino', 'Palma', 'Cuesta Iglesia 309', 41930, 610192747, 238),
	('21282027N', 'Eva Maria', 'Alcaide', 'Vía San José 239', 41930, 614239583, 239),
	('27041204N', 'Sheila', 'Hurtado', 'Paseo Clara Campoamor 335', 41930, 654736433, 240),
	('90934865H', 'Gorka', 'Blasco', 'Vereda San Pedro 184', 41930, 685208761, 241),
	('71972007Q', 'Maria Victoria', 'Del Rio', 'Corredera Vicente Aleixandre 235', 41930, 678249297, 242),
	('15167054A', 'Alexis', 'Parra', 'Cuesta San Isidro 673', 41930, 647953852, 243),
	('84607301F', 'Christian', 'Toledo', 'Avenida Mayor 896', 41930, 638165753, 244),
	('53001405K', 'Jose Andres', 'Singh', 'Corredera Madrid 262', 41930, 640016667, 245),
	('45890084R', 'Abril', 'Miranda', 'Avenida Miguel Hernández 880', 41930, 689283155, 246),
	('96052788G', 'Bartolome', 'Mesa', 'Carrera Rafael Alberti 335', 41930, 653679402, 247),
	('88927627J', 'Lucas', 'Oliver', 'Travesía San Isidro 238', 41930, 638923643, 248),
	('15699503W', 'Constantino', 'Toro', 'Calle Clara Campoamor 237', 41930, 664800550, 249),
	('50303501V', 'Mohamed', 'Madrid', 'Cuesta de España 808', 41910, 622104579, 250),
	('66813026G', 'Leo', 'Manzano', 'Cuesta Real 715', 41910, 602037527, 251),
	('65714313R', 'Alfonso', 'Cid', 'Cuesta Constitución 488', 41910, 618922367, 252),
	('82411379X', 'Valentina', 'Velez', 'Gran vía Fuente 32', 41910, 614797035, 253),
	('81040675Z', 'Jose Ramon', 'Cuadrado', 'Calle Diego Velázquez 529', 41910, 679506621, 254),
	('88214119B', 'Eduardo', 'Agudo', 'Vía Rafael Alberti 416', 41910, 603592456, 255),
	('22756770H', 'Iker', 'Arroyo', 'Carrera Catalunya 131', 41910, 661361771, 256),
	('36165369P', 'Ricardo', 'Hernandez', 'Carrera Vicente Aleixandre 136', 41910, 602028854, 257),
	('93990880T', 'Maria Carme', 'Mejias', 'Corredera Antonio Machado 122', 41910, 610897483, 258),
	('49481394E', 'Maria Rosa', 'Gonzalez', 'Calle Pedralbes 899', 41910, 679616408, 259),
	('00204831Q', 'Virginia', 'Figueroa', 'Pasaje Manuel de Falla 997', 41910, 652826845, 260),
	('51660996Y', 'Juan Manuel', 'Mohamed', 'Cuesta San José 513', 41910, 662746687, 261),
	('23796976A', 'Khadija', 'Mejias', 'Carrera Madrid 792', 41910, 649493083, 262),
	('99068974Q', 'Valeria', 'Real', 'Rambla Pedralbes 71', 41910, 662959477, 263),
	('02347360A', 'Christian', 'Canovas', 'Carrera San Pedro 383', 41910, 610538045, 264),
	('06516828P', 'Jose Javier', 'Villa', 'Carrera Clara Campoamor 194', 41900, 691034676, 265),
	('74800319H', 'Victor', 'Sole', 'Carrera Nueva 165', 41900, 639499831, 266),
	('74919576C', 'Caridad', 'Gracia', 'Calle San Antonio 962', 41900, 629325677, 267),
	('10539397S', 'Gonzalo', 'Sola', 'Travesía Iglesia 762', 41900, 698580628, 268),
	('48926332L', 'Maria Trinidad', 'Bautista', 'Camino Juan Ramón Jiménez 533', 41900, 646394866, 269),
	('60049552W', 'Erik', 'Ferrero', 'Ronda Pablo Picasso 755', 41900, 695734368, 270),
	('07462003K', 'German', 'Cuevas', 'Travesía Pablo Picasso 868', 41900, 683016136, 271),
	('52626229K', 'Luis Miguel', 'Arenas', 'Camino Mayor 244', 41900, 623266197, 272),
	('79596958F', 'Miguel Angel', 'Galvez', 'Calle San José 66', 41900, 607396183, 273),
	('26528257B', 'Maria Isabel', 'Zapata', 'Ronda San Pedro 52', 41900, 636859197, 274),
	('98736351L', 'Albert', 'Rico', 'Travesía Catalunya 854', 41900, 690298616, 275),
	('36961465M', 'Sara', 'Marcos', 'Pasaje Constitución 711', 41900, 698963133, 276),
	('43148750Z', 'Nerea', 'Reina', 'Rambla Catalunya 477', 41900, 623699137, 277),
	('50243631Q', 'Israel', 'Contreras', 'Callejón Horno 70', 41950, 713134398, 278),
	('90217087R', 'Manuel Angel', 'Sola', 'Pasaje Santa Ana 478', 41950, 611788368, 279),
	('30815746R', 'Maria', 'Aguirre', 'Pasaje Horno 235', 41950, 615132370, 280),
	('99900990F', 'German', 'Gimenez', 'Pasaje Miguel de Cervantes 766', 41950, 649745550, 281),
	('82565383Y', 'Cristian', 'Rebollo', 'Camino San Juan 552', 41950, 643547401, 282),
	('91496093T', 'Hector', 'Barragan', 'Travesía María Zambrano 349', 41950, 605003068, 283),
	('97731989K', 'Aitor', 'Miranda', 'Avenida Constitución 388', 41950, 641045159, 284),
	('78018584P', 'Victoriano', 'Campos', 'Gran vía Iglesia 442', 41950, 643258968, 285),
	('69249528R', 'Matilde', 'Gamez', 'Calle Iglesia 993', 41950, 696719848, 286),
	('75749024L', 'Carlos Manuel', 'Saiz', 'Carrera San Roque 961', 41950, 678149672, 287),
	('36051631M', 'Emilio Jose', 'Carrera', 'Travesía Diego Velázquez 261', 41950, 666741557, 288),
	('89910998L', 'Celia', 'Egea', 'Corredera Fuente 902', 41950, 676133564, 289),
	('37809807S', 'Montserrat', 'Manzano', 'Travesía Doctor Fleming 426', 41950, 650601519, 290),
	('17869715A', 'Estela', 'Benitez', 'Callejón Ramón y Cajal 823', 41950, 628638230, 291),
	('95642575L', 'Manuela', 'Tomas', 'Cuesta Juan Ramón Jiménez 854', 41950, 670663961, 292),
	('02293468T', 'Samuel', 'Vazquez', 'Avenida Diego Velázquez 225', 41950, 617724420, 293),
	('16641202N', 'Marti', 'Cano', 'Vereda Vicente Aleixandre 701', 41950, 636967144, 294),
	('22952202L', 'Julia', 'Tejero', 'Rambla Iglesia 742', 41950, 630751274, 295),
	('64160820C', 'Trinidad', 'Rodrigo', 'Carrera Real 996', 41950, 613196106, 296),
	('07222799V', 'Catalina', 'Luna', 'Carrera Juan Ramón Jiménez 391', 41950, 606791080, 297),
	('35119261D', 'Maria Rosario', 'Silva', 'Cuesta Juan Ramón Jiménez 880', 41950, 612567578, 298),
	('60526080Q', 'Asier', 'Chaves', 'Pasaje Fuente 921', 41950, 637070676, 299),
	('13106596T', 'Mustapha', 'Nieto', 'Travesía Rafael Alberti 891', 41960, 663814301, 300),
	('45862913Q', 'Elisabet', 'Huertas', 'Rambla Clara Campoamor 676', 41960, 626089882, 301),
	('30716873M', 'Guillem', 'Leon', 'Pasaje Catalunya 106', 41960, 671319544, 302),
	('20189871B', 'Tatiana', 'Linares', 'Vía Fuente 542', 41960, 669674397, 303),
	('43144048G', 'Pascual', 'Casas', 'Cuesta María Zambrano 229', 41960, 747761133, 304),
	('83226032A', 'Yaiza', 'Zambrano', 'Travesía María Zambrano 909', 41960, 682983555, 305),
	('52594700W', 'Ramiro', 'Madrid', 'Vereda San Antonio 35', 41960, 603205784, 306),
	('59518471Z', 'Maria Cruz', 'Lorenzo', 'Paseo Real 694', 41960, 707884569, 307),
	('33872559E', 'Agustin', 'Paz', 'Pasaje Miguel de Cervantes 113', 41960, 643962244, 308),
	('92785568A', 'Marcelino', 'Velez', 'Vía Lorca 632', 41960, 637688466, 309),
	('06583833Z', 'Estefania', 'Lorente', 'Gran vía Santa Ana 541', 41960, 688666592, 310),
	('42199077B', 'Ruth', 'Castaño', 'Pasaje San Miguel 467', 41960, 676387194, 311),
	('70085209T', 'Rosalia', 'Ibañez', 'Pasaje San Antonio 99', 41960, 607067920, 312),
	('50516304R', 'Manuel', 'Prado', 'Paseo Horno 321', 41960, 613984464, 313),
	('84357004L', 'Constantino', 'Aguilera', 'Paseo de España 689', 41960, 671140062, 314),
	('11861005C', 'Mar', 'Piñero', 'Pasaje San Roque 123', 41960, 610699069, 315),
	('99010957M', 'Miriam', 'Soto', 'Avenida Antonio Machado 788', 41960, 625981619, 316),
	('00871360M', 'Mariana', 'Morillo', 'Pasaje Rafael Murillo 272', 41960, 629115023, 317),
	('80444868E', 'Rosalia', 'Pardo', 'Vía Diego Velázquez 839', 41960, 631539067, 318),
	('11703711T', 'Marco Antonio', 'Manzano', 'Ronda San Roque 130', 41960, 635032501, 319),
	('22402002W', 'Itziar', 'Gamez', 'Gran vía Diego Velázquez 97', 41960, 647647638, 320),
	('12180979H', 'Lourdes', 'Nieto', 'Ronda de España 628', 41960, 611648099, 321),
	('24836003M', 'Gines', 'Casas', 'Paseo Fuente 445', 41960, 606708429, 322),
	('02031608H', 'Eva', 'Ochoa', 'Pasaje Antonio Machado 106', 41930, 670867932, 323),
	('15786531K', 'Nicolas', 'Caro', 'Corredera Miguel de Cervantes 176', 41930, 609467615, 324),
	('92817162H', 'Alejandro', 'Granados', 'Gran vía Vicente Aleixandre 944', 41930, 639441088, 325),
	('65220858B', 'Laura', 'Cuevas', 'Travesía Mayor 506', 41930, 693189829, 326),
	('44868559K', 'Eduard', 'Escudero', 'Gran vía Juan Ramón Jiménez 695', 41930, 629861300, 327),
	('87805106F', 'Agustin', 'Chaves', 'Pasaje Pablo Picasso 98', 41930, 629688759, 328),
	('36976193J', 'Juan', 'Roca', 'Avenida San Roque 173', 41930, 600636203, 329),
	('90316420C', 'Isabel Maria', 'Alcantara', 'Carrera Rafael Murillo 371', 41930, 641038959, 330),
	('38944606V', 'Maria Teresa', 'Otero', 'Callejón San Miguel 773', 41930, 646891668, 331),
	('26624545K', 'Cesar', 'Del Pozo', 'Pasaje Doctor Fleming 801', 41930, 632461347, 332),
	('26123532V', 'Ahmed', 'Marco', 'Vereda San Antonio 799', 41930, 616183281, 333),
	('65790788R', 'Eduardo', 'Marquez', 'Camino Rafael Alberti 370', 41930, 640003875, 334),
	('33977893Q', 'Jan', 'Grau', 'Corredera San Roque 923', 41930, 601739597, 335),
	('57567375P', 'Manuel Antonio', 'Escobar', 'Rambla Rafael Murillo 997', 41930, 652216545, 336),
	('03525252L', 'Mustapha', 'Maldonado', 'Carrera Pablo Picasso 2', 41930, 603775736, 337),
	('55339351V', 'Ildefonso', 'Perea', 'Calle Ramón y Cajal 841', 41910, 797138740, 338),
	('63173942A', 'Rodrigo', 'Arranz', 'Ronda Miguel de Cervantes 945', 41910, 688332181, 339),
	('93269043H', 'Carlos', 'Mohamed', 'Travesía Real 345', 41910, 611417154, 340),
	('55966085R', 'Luis Maria', 'Alfonso', 'Ronda Manuel de Falla 178', 41910, 632162066, 341),
	('62797190Z', 'Carmen', 'Padilla', 'Ronda Madrid 8', 41910, 657119870, 342),
	('66223092C', 'Jose Maria', 'Mateu', 'Pasaje Nueva 94', 41910, 652134364, 343),
	('62949070W', 'Abel', 'Campos', 'Callejón Antonio Machado 66', 41910, 634687182, 344),
	('65094774J', 'Maria Inmaculada', 'Salcedo', 'Gran vía Vicente Aleixandre 720', 41910, 630235488, 345),
	('21958793A', 'Almudena', 'Llorente', 'Gran vía Madrid 478', 41910, 653320603, 346),
	('22679879Q', 'Guadalupe', 'Moral', 'Callejón Fuente 41', 41910, 652238381, 347),
	('15703418F', 'Sebastian', 'Amaya', 'Corredera Madrid 633', 41910, 668052289, 348),
	('47540045B', 'Jose Ignacio', 'Peralta', 'Travesía San José 696', 41910, 618263277, 349),
	('40216939J', 'Jonatan', 'Morales', 'Rambla Madrid 958', 41910, 616802670, 350),
	('67903798R', 'Israel', 'Ahmed', 'Camino Diego Velázquez 414', 41910, 698293374, 351),
	('15410061S', 'Lucas', 'Vidal', 'Avenida Miguel Hernández 785', 41910, 650940257, 352),
	('80181056C', 'Jairo', 'Pelaez', 'Rambla Rafael Murillo 818', 41900, 616427252, 353),
	('43932273L', 'Meritxell', 'Avila', 'Avenida María Zambrano 172', 41900, 619503350, 354),
	('93583564Z', 'Natalia', 'Cordoba', 'Corredera Lorca 701', 41900, 702444120, 355),
	('38768057Q', 'Moises', 'Puente', 'Travesía de España 464', 41900, 669501725, 356),
	('48004499A', 'Ramona', 'Serrano', 'Pasaje Mayor 401', 41900, 651408957, 357),
	('71779753L', 'Adolfo', 'Font', 'Camino Fuente 862', 41900, 617278022, 358),
	('03343621L', 'Ainara', 'Polo', 'Corredera Rafael Alberti 922', 41900, 668228921, 359),
	('88183781X', 'Alexandre', 'Cardona', 'Carrera Iglesia 280', 41900, 659574840, 360),
	('94437747T', 'Eladio', 'Caro', 'Calle Pedralbes 975', 41900, 666505746, 361),
	('57661092T', 'Ana Isabel', 'Saenz', 'Rambla Antonio Machado 748', 41900, 635884956, 362),
	('26486309S', 'Maria Manuela', 'Bautista', 'Carrera Iglesia 900', 41900, 670939551, 363),
	('02186158P', 'Caridad', 'Miralles', 'Vereda Rafael Murillo 71', 41900, 697878019, 364),
	('61429844H', 'Francisca', 'Losada', 'Avenida Rafael Murillo 245', 41900, 677844141, 365),
	('27947397M', 'Lourdes', 'Peinado', 'Camino Real 841', 41950, 691924245, 366),
	('84906406C', 'Esther', 'Fernandez', 'Ronda San Roque 709', 41950, 660301653, 367),
	('40138246A', 'Ester', 'Salas', 'Rambla Catalunya 633', 41950, 634609811, 368),
	('62606173N', 'Alberto', 'Rivera', 'Paseo Real 60', 41950, 681968688, 369),
	('00028943D', 'Belen', 'Soto', 'Vereda Juan Ramón Jiménez 313', 41950, 648821291, 370),
	('57695603B', 'Barbara', 'Alvarez', 'Paseo Constitución 831', 41950, 649886786, 371),
	('10446562P', 'Gerard', 'Pardo', 'Carrera San Miguel 630', 41950, 710581001, 372),
	('90329837M', 'Eduard', 'Villar', 'Travesía Nueva 772', 41950, 662630136, 373),
	('63005182V', 'Ariadna', 'Cebrian', 'Travesía San Isidro 584', 41950, 629419924, 374),
	('06219464B', 'Mercedes', 'Perez', 'Travesía Horno 199', 41950, 611445583, 375),
	('85600721B', 'Marcos', 'Valls', 'Paseo Miguel Hernández 117', 41950, 696332747, 376),
	('24843701K', 'Iker', 'Ariza', 'Camino San Pedro 367', 41950, 625003520, 377),
	('18702187J', 'Petra', 'Salinas', 'Rambla San Antonio 402', 41950, 619393517, 378),
	('07706647Z', 'Cecilia', 'Barrio', 'Rambla San Juan 417', 41950, 687949379, 379),
	('24363754S', 'Aina', 'Salinas', 'Rambla Horno 156', 41950, 757007988, 380),
	('83022788X', 'Noelia', 'Aragon', 'Camino Constitución 183', 41950, 671633264, 381),
	('65075960J', 'Francisco Javier', 'Guerra', 'Avenida Mayor 501', 41950, 691712567, 382),
	('15080719X', 'Esther', 'Vives', 'Avenida San Roque 778', 41950, 611001159, 383),
	('41969675B', 'Alejandra', 'Aguilera', 'Callejón San Antonio 724', 41950, 613317474, 384),
	('07365887E', 'Asier', 'Marquez', 'Vereda San Roque 41', 41950, 642855724, 385),
	('49878439H', 'Jose Javier', 'Llorens', 'Vía Nueva 835', 41950, 617989927, 386),
	('26861309T', 'Nicolas', 'Ros', 'Pasaje San Isidro 812', 41950, 636426459, 387),
	('15202236H', 'Felix', 'Reyes', 'Avenida Doctor Fleming 640', 41960, 637550711, 388),
	('29759990Z', 'Emilio', 'Castillo', 'Corredera San Antonio 8', 41960, 681431548, 389),
	('44684530S', 'Enriqueta', 'Latorre', 'Carrera Lorca 290', 41960, 693837712, 390),
	('25821243V', 'Sheila', 'Carvajal', 'Rambla Doctor Fleming 608', 41960, 674867537, 391),
	('52878527D', 'Alvaro', 'Sierra', 'Vía Lorca 668', 41960, 611269692, 392),
	('88832104D', 'Araceli', 'Soria', 'Camino Nueva 325', 41960, 686923389, 393),
	('44088190L', 'Victor', 'Rey', 'Vereda San Miguel 891', 41960, 606992052, 394),
	('50841766J', 'Julia', 'Benito', 'Avenida Fuente 333', 41960, 606269384, 395),
	('44851854Z', 'Maria', 'Mora', 'Vereda María Zambrano 454', 41960, 632452830, 396),
	('50367072Q', 'Florencio', 'Del Valle', 'Gran vía San Roque 587', 41960, 641504212, 397),
	('04276230R', 'Mohammed', 'Del Pozo', 'Calle Rafael Alberti 790', 41960, 665198665, 398),
	('84192471M', 'Francisco Miguel', 'Arroyo', 'Carrera Rafael Alberti 284', 41960, 645868886, 399),
	('89367458S', 'Ramiro', 'Recio', 'Calle San Juan 42', 41960, 602760781, 400),
	('36933391Z', 'Blanca', 'Serrano', 'Calle Lorca 198', 41960, 698639290, 401),
	('47053672L', 'Amaya', 'Sanchis', 'Gran vía Doctor Fleming 652', 41960, 678560650, 402),
	('17904502Z', 'Youssef', 'Zapata', 'Rambla San Miguel 149', 41960, 623069374, 403),
	('64792560L', 'Maria Luisa', 'Carrillo', 'Paseo Rafael Murillo 812', 41960, 682566687, 404),
	('13113715N', 'Maria Yolanda', 'Alcantara', 'Avenida Catalunya 327', 41960, 652745369, 405),
	('19747616T', 'Gerardo', 'Miranda', 'Corredera San Isidro 770', 41960, 605306439, 406),
	('75759618X', 'Luis', 'Romero', 'Calle Pedralbes 163', 41960, 672690332, 407),
	('36832660T', 'Juan Ignacio', 'Casas', 'Travesía Pedralbes 872', 41960, 698666104, 408),
	('80949983B', 'Rebeca', 'Solis', 'Cuesta Miguel Hernández 527', 41960, 695790614, 409),
	('51528741R', 'Ramona', 'Benitez', 'Calle Mayor 203', 41960, 651292657, 410),
	('42018564W', 'Bernardo', 'Ramirez', 'Callejón Horno 840', 41930, 672898885, 411),
	('96040605B', 'Jacinto', 'Moyano', 'Carrera Rafael Murillo 141', 41930, 699129741, 412),
	('65466832T', 'Angel Luis', 'Murillo', 'Paseo San Isidro 882', 41930, 672800627, 413),
	('84973836Z', 'Natividad', 'Escobar', 'Rambla Doctor Fleming 258', 41930, 672034896, 414),
	('54772029J', 'Nadia', 'Valdes', 'Camino Clara Campoamor 435', 41930, 661825814, 415),
	('67713022X', 'Alonso', 'Vergara', 'Vereda Iglesia 569', 41930, 678218745, 416),
	('08619504R', 'Jose David', 'Tomas', 'Gran vía San José 657', 41930, 689741657, 417),
	('60958344H', 'Eva', 'Alarcon', 'Callejón San José 635', 41930, 686076406, 418),
	('69322446D', 'Tomas', 'Alcazar', 'Cuesta Horno 885', 41930, 654072184, 419),
	('47673988W', 'Eulalia', 'Mendoza', 'Paseo Lorca 929', 41930, 636579752, 420),
	('86072434V', 'Beatriz', 'Mejias', 'Rambla Antonio Machado 721', 41930, 673812901, 421),
	('36829889N', 'Ester', 'Romero', 'Vía Miguel de Cervantes 879', 41930, 612290669, 422),
	('94769156W', 'Juan Maria', 'Pena', 'Gran vía San José 465', 41930, 673481534, 423),
	('32476112C', 'Manuel Jose', 'Lozano', 'Rambla Miguel de Cervantes 361', 41930, 697109318, 424),
	('56041937E', 'Maria Jose', 'Santana', 'Avenida San Juan 910', 41930, 655458886, 425),
	('11248808Z', 'Jose Andres', 'Riera', 'Gran vía San José 102', 41910, 647225206, 426),
	('65123972R', 'Juan Dios', 'Cerezo', 'Vía Manuel de Falla 258', 41910, 631212133, 427),
	('30906111E', 'Isaac', 'Moral', 'Travesía San Pedro 134', 41910, 688054994, 428),
	('51912866A', 'Arnau', 'Valero', 'Travesía Pablo Picasso 648', 41910, 602737502, 429),
	('13459489G', 'Oriol', 'Zamora', 'Cuesta Vicente Aleixandre 305', 41910, 694546295, 430),
	('41630055D', 'Maria Consuelo', 'Aguado', 'Pasaje San Roque 772', 41910, 786066414, 431),
	('12137189C', 'Jose Manuel', 'Aparicio', 'Travesía Fuente 174', 41910, 642814189, 432),
	('96990279S', 'Marta', 'Pizarro', 'Rambla de España 793', 41910, 615689821, 433),
	('11741846R', 'Itziar', 'Navarrete', 'Pasaje Mayor 726', 41910, 656757605, 434),
	('77346175G', 'Israel', 'Ferrero', 'Camino Santa Ana 54', 41910, 618364263, 435),
	('50053997V', 'Rebeca', 'Cobos', 'Calle Constitución 304', 41910, 629070381, 436),
	('53552337B', 'Pedro Antonio', 'Bartolome', 'Vereda Miguel Hernández 904', 41910, 666904496, 437),
	('22318746Y', 'Maria Carme', 'Molina', 'Ronda Santa Ana 558', 41910, 690245104, 438),
	('05683452Z', 'Celestino', 'Paniagua', 'Ronda María Zambrano 835', 41910, 644536694, 439),
	('19241456R', 'Ana Rosa', 'Ibañez', 'Camino Vicente Aleixandre 622', 41910, 617952869, 440),
	('82364196T', 'Isabel', 'De La Fuente', 'Avenida Pablo Picasso 865', 41900, 633253231, 441),
	('65948131R', 'Erika', 'Aguirre', 'Ronda Madrid 384', 41900, 648985564, 442),
	('91500728N', 'Adelaida', 'Molina', 'Paseo Lorca 95', 41900, 684447529, 443),
	('78234397N', 'Cesar', 'Contreras', 'Vereda Madrid 216', 41900, 609050540, 444),
	('74642406T', 'Ernesto', 'Carvajal', 'Cuesta Constitución 190', 41900, 609888133, 445),
	('94045394G', 'German', 'Arranz', 'Cuesta Lorca 348', 41900, 631548025, 446),
	('64000878C', 'Maria Luz', 'Mosquera', 'Paseo Diego Velázquez 580', 41900, 728536616, 447),
	('63078545X', 'Lara', 'Ahmed', 'Cuesta Pedralbes 227', 41900, 648420595, 448),
	('87177158M', 'Omar', 'Alcazar', 'Gran vía San Antonio 853', 41900, 632831257, 449),
	('92042902F', 'Purificacion', 'Beltran', 'Vía San Pedro 0', 41900, 657736908, 450),
	('69920675P', 'Luis Maria', 'Palomo', 'Rambla Vicente Aleixandre 777', 41900, 699488932, 451),
	('42533232E', 'Bartolome', 'Rivas', 'Camino Iglesia 496', 41900, 614040087, 452),
	('48832272Y', 'Luis Fernando', 'Huerta', 'Calle San Antonio 517', 41900, 648940274, 453),
	('94713779D', 'Consolacion', 'Pinto', 'Gran vía Constitución 444', 41950, 610423451, 454),
	('74575070P', 'Jimena', 'Sastre', 'Callejón Constitución 288', 41950, 660339869, 455),
	('88116282Q', 'Mercedes', 'Serna', 'Vía Nueva 590', 41950, 640504242, 456),
	('05083152Z', 'Leticia', 'Corral', 'Callejón Iglesia 483', 41950, 616856341, 457),
	('57059377B', 'Florentina', 'Alvarez', 'Vereda Pedralbes 282', 41950, 645486371, 458),
	('95522640Y', 'Leo', 'Vega', 'Vía Rafael Alberti 108', 41950, 616740206, 459),
	('06252233M', 'Amalia', 'Padilla', 'Rambla San Juan 244', 41950, 679536590, 460),
	('39895923P', 'Tomasa', 'Trujillo', 'Travesía San Isidro 590', 41950, 681509713, 461),
	('02523228J', 'Eduardo', 'Lorenzo', 'Corredera Nueva 320', 41950, 647827915, 462),
	('61163384J', 'Ainara', 'Montoya', 'Carrera Miguel de Cervantes 500', 41950, 667638922, 463),
	('10997182P', 'Roger', 'Mendez', 'Pasaje Rafael Alberti 873', 41950, 651581708, 464),
	('35605118Z', 'Aroa', 'Rebollo', 'Carrera Iglesia 404', 41950, 653438135, 465),
	('32411927M', 'Leyre', 'Rojas', 'Vereda Madrid 898', 41950, 642173121, 466),
	('48771372X', 'Jeronimo', 'Guzman', 'Ronda Iglesia 101', 41950, 657787559, 467),
	('38348610C', 'Ana Cristina', 'Gonzalo', 'Paseo Rafael Alberti 193', 41950, 623181911, 468),
	('96416883D', 'Samuel', 'Palacios', 'Rambla María Zambrano 391', 41950, 661163369, 469),
	('37554971L', 'Abel', 'Rubio', 'Rambla Madrid 674', 41950, 693686228, 470),
	('14116167D', 'Alberto', 'Roman', 'Gran vía Doctor Fleming 29', 41950, 662571045, 471),
	('26782440K', 'Maria Cruz', 'Alcala', 'Gran vía Lorca 208', 41950, 683995397, 472),
	('26746950C', 'Youssef', 'Rey', 'Avenida San Isidro 347', 41950, 640667800, 473),
	('67877622E', 'Francisco Jose', 'Ramos', 'Calle Santa Ana 582', 41950, 709917110, 474),
	('82727358S', 'Cristina', 'Domenech', 'Avenida Ramón y Cajal 361', 41950, 641252761, 475),
	('90858219P', 'Adoracion', 'Cano', 'Avenida Miguel Hernández 927', 41960, 610271925, 476),
	('90921790F', 'Nuria', 'Puente', 'Callejón San Juan 739', 41960, 612007515, 477),
	('55796293H', 'Ignacio', 'Quintana', 'Vía Constitución 523', 41960, 630182985, 478),
	('07304952Z', 'Rebeca', 'Vallejo', 'Cuesta San José 776', 41960, 691381937, 479),
	('88829998L', 'Carlos Alberto', 'Luis', 'Carrera Pablo Picasso 80', 41960, 659431858, 480),
	('65524626H', 'Maria Rosario', 'Duarte', 'Pasaje Constitución 406', 41960, 655165791, 481),
	('44363171N', 'Juan Miguel', 'Caballero', 'Rambla San Juan 156', 41960, 669598886, 482),
	('71734048S', 'Maria Pilar', 'Ahmed', 'Rambla Santa Ana 222', 41960, 673085246, 483),
	('46578556Z', 'Soledad', 'Cuesta', 'Callejón Doctor Fleming 907', 41960, 653096572, 484),
	('42785308H', 'Elizabeth', 'Bonilla', 'Rambla Mayor 267', 41960, 697734275, 485),
	('57390291R', 'Maria Amparo', 'Gutierrez', 'Corredera Nueva 357', 41960, 649341564, 486),
	('10609915S', 'Vicente', 'Freire', 'Ronda Iglesia 940', 41960, 690919214, 487),
	('32553018Z', 'Tamara', 'Guerrero', 'Camino Doctor Fleming 278', 41960, 625004637, 488),
	('08452067G', 'Lorenzo', 'Cantero', 'Avenida Santa Ana 17', 41960, 669183244, 489),
	('31403177N', 'Luis Antonio', 'Ballester', 'Ronda San Isidro 5', 41960, 637832861, 490),
	('97946507H', 'German', 'Andres', 'Calle Lorca 346', 41960, 625146904, 491),
	('28149368J', 'Marta', 'Barroso', 'Avenida Doctor Fleming 288', 41960, 618020217, 492),
	('61868688E', 'Pere', 'Blanco', 'Avenida Juan Ramón Jiménez 677', 41960, 611013611, 493),
	('58368737G', 'Herminia', 'Caro', 'Callejón Miguel de Cervantes 493', 41960, 682643007, 494),
	('82274834Q', 'Luis Fernando', 'Marcos', 'Vía Horno 919', 41960, 693249444, 495),
	('68094160S', 'Ruth', 'Rebollo', 'Corredera Pablo Picasso 121', 41960, 649676587, 496),
	('23502708C', 'Sagrario', 'Calderon', 'Vereda Miguel de Cervantes 922', 41960, 664191617, 497),
	('95444002M', 'Diana', 'Cebrian', 'Gran vía de España 422', 41960, 682219222, 498),
	('88333699Z', 'Ane', 'Arjona', 'Cuesta Rafael Alberti 14', 41930, 667781610, 499),
	('48342011J', 'Benito', 'Freire', 'Calle San Antonio 254', 41930, 639092426, 500),
	('31066005C', 'Benjamin', 'Otero', 'Vereda San Juan 118', 41930, 604635381, 501),
	('81285848F', 'Maria Isabel', 'Quintero', 'Vereda María Zambrano 881', 41930, 679167878, 502),
	('50440139N', 'Elvira', 'Sosa', 'Calle Antonio Machado 202', 41930, 665551988, 503),
	('15519503T', 'Carmen Maria', 'Herrero', 'Ronda Madrid 471', 41930, 626624507, 504),
	('19704888Y', 'Guadalupe', 'Soria', 'Pasaje Lorca 860', 41930, 643050108, 505),
	('07215012G', 'Ana Maria', 'Guillen', 'Camino San Roque 711', 41930, 603511162, 506),
	('49184315B', 'Antonia', 'Carrion', 'Camino Rafael Murillo 311', 41930, 682806232, 507),
	('70939561V', 'Borja', 'Cervera', 'Carrera Ramón y Cajal 215', 41930, 627343247, 508),
	('82789768A', 'Julio Cesar', 'Vargas', 'Corredera San Isidro 2', 41930, 683264907, 509),
	('08866329J', 'Alexis', 'Rey', 'Carrera San Miguel 164', 41930, 672960269, 510),
	('22762216J', 'Pablo', 'Grau', 'Ronda Miguel de Cervantes 886', 41930, 667357063, 511),
	('06370364P', 'Maria Mar', 'Rojas', 'Gran vía Iglesia 787', 41930, 609180588, 512),
	('55674741K', 'Carmelo', 'Calero', 'Gran vía San Juan 958', 41930, 665304045, 513),
	('31076309C', 'Pascual', 'Chacon', 'Pasaje Rafael Alberti 3', 41910, 629815477, 514),
	('89509253S', 'Ramona', 'Recio', 'Carrera Fuente 800', 41910, 629290077, 515),
	('28711263H', 'Jorge', 'Pardo', 'Corredera Catalunya 697', 41910, 615966984, 516),
	('35875453F', 'Maria Angeles', 'Martinez', 'Pasaje Pedralbes 1', 41910, 603422068, 517),
	('98387063D', 'Araceli', 'Bello', 'Carrera San Pedro 767', 41910, 634181535, 518),
	('43749029Q', 'Aitana', 'Aviles', 'Cuesta Nueva 154', 41910, 613638016, 519),
	('90493047F', 'Carmen', 'Lazaro', 'Rambla Madrid 943', 41910, 668361124, 520),
	('41550830L', 'Vicente', 'Real', 'Ronda Miguel Hernández 285', 41910, 631724151, 521),
	('13070426D', 'Maria Julia', 'Toledo', 'Camino Catalunya 0', 41910, 660526542, 522),
	('87985247N', 'Maria Consuelo', 'Fuentes', 'Carrera Vicente Aleixandre 339', 41910, 649599454, 523),
	('10927409V', 'Javier', 'Guerrero', 'Gran vía Nueva 557', 41910, 624218177, 524),
	('01849668P', 'Antonia Maria', 'Molina', 'Paseo Nueva 913', 41910, 689857416, 525),
	('32815490X', 'Amanda', 'Tena', 'Cuesta Iglesia 940', 41910, 648002468, 526),
	('61175841G', 'Mirian', 'Barroso', 'Avenida Pablo Picasso 210', 41910, 653916570, 527),
	('86289932G', 'Florentina', 'Puente', 'Rambla María Zambrano 293', 41910, 667730677, 528),
	('50290765T', 'Ezequiel', 'Jorge', 'Callejón Rafael Alberti 304', 41900, 653919561, 529),
	('93078732D', 'Faustino', 'Ortiz', 'Travesía Iglesia 63', 41900, 612980704, 530),
	('96347291S', 'Jose Luis', 'Gonzalez', 'Vía Santa Ana 570', 41900, 691304309, 531),
	('64736469W', 'Miguel', 'Canovas', 'Calle Clara Campoamor 714', 41900, 656655754, 532),
	('79176667H', 'Adelaida', 'Garcia', 'Gran vía Iglesia 639', 41900, 628270389, 533),
	('05273384J', 'Jose Juan', 'Ramos', 'Carrera San José 601', 41900, 601628757, 534),
	('56051087H', 'Guillermo', 'Lopez', 'Camino Miguel de Cervantes 613', 41900, 697657841, 535),
	('18148472T', 'Luis Fernando', 'Roig', 'Camino Juan Ramón Jiménez 614', 41900, 661061295, 536),
	('71404355G', 'Gheorghe', 'Cruz', 'Callejón Rafael Murillo 792', 41900, 641033850, 537),
	('95747111C', 'Isabel Maria', 'Campo', 'Rambla Nueva 328', 41900, 695521223, 538),
	('82645445M', 'Marco', 'Sosa', 'Paseo María Zambrano 536', 41900, 645338067, 539),
	('11274782K', 'Constantino', 'Martinez', 'Avenida San Miguel 826', 41900, 638377763, 540),
	('09900962Z', 'Unai', 'Estevez', 'Travesía San Roque 940', 41900, 668809899, 541),
	('26646221P', 'Laura', 'Carretero', 'Vereda Juan Ramón Jiménez 924', 41950, 633035094, 542),
	('90736371Z', 'Mariano', 'Valero', 'Pasaje Santa Ana 293', 41950, 602013671, 543),
	('84211499N', 'Yeray', 'Cruz', 'Paseo Miguel de Cervantes 637', 41950, 628357771, 544),
	('23290059Y', 'Iker', 'Huerta', 'Callejón Horno 258', 41950, 685617241, 545),
	('66351092W', 'Petra', 'Lara', 'Callejón Real 299', 41950, 603007195, 546),
	('89157098J', 'Pilar', 'Herrera', 'Calle Nueva 178', 41950, 637654095, 547),
	('75974400H', 'Enrique', 'De La Cruz', 'Corredera Miguel Hernández 417', 41950, 604532379, 548),
	('13410720H', 'Inmaculada', 'Granados', 'Calle María Zambrano 999', 41950, 652796278, 549),
	('57544787Y', 'Santiago', 'Marco', 'Calle San Juan 752', 41950, 635775287, 550),
	('44691671A', 'Mateo', 'Singh', 'Ronda Antonio Machado 910', 41950, 681211029, 551),
	('32257810B', 'Lluis', 'Saenz', 'Avenida Santa Ana 105', 41950, 690348696, 552),
	('97203546A', 'Maria Isabel', 'Lara', 'Vía de España 323', 41950, 677723909, 553),
	('74864422C', 'Eusebio', 'Campos', 'Callejón Fuente 304', 41950, 645447525, 554),
	('41901214K', 'Jon', 'Alcala', 'Gran vía San Juan 933', 41950, 631564415, 555),
	('75134887M', 'Aaron', 'Blazquez', 'Vereda Doctor Fleming 24', 41950, 613111728, 556),
	('55023825M', 'Luis Fernando', 'Aguilera', 'Ronda Doctor Fleming 338', 41950, 611154594, 557),
	('17335549N', 'Francisco Antonio', 'Aragon', 'Corredera San Isidro 235', 41950, 666753425, 558),
	('61406511F', 'Julio Cesar', 'Lafuente', 'Paseo Iglesia 333', 41950, 637763049, 559),
	('42944320P', 'Luis Fernando', 'Castro', 'Paseo Miguel de Cervantes 998', 41950, 676954702, 560),
	('60274543F', 'Pascual', 'Marques', 'Calle Rafael Murillo 457', 41950, 686117834, 561),
	('58558123P', 'Pascual', 'Prieto', 'Corredera de España 358', 41950, 674117585, 562),
	('30410083N', 'Neus', 'Huerta', 'Pasaje Vicente Aleixandre 791', 41950, 625692077, 563),
	('50821959D', 'Joaquina', 'Casado', 'Vía Iglesia 182', 41960, 651812054, 564),
	('16409029R', 'Maria Jesus', 'Losada', 'Paseo Fuente 433', 41960, 739326465, 565),
	('59254335X', 'Aitana', 'Carbonell', 'Corredera Constitución 722', 41960, 649974826, 566),
	('37905914M', 'Alexis', 'Domenech', 'Cuesta Iglesia 416', 41960, 627152668, 567),
	('18970843Y', 'Pedro', 'Muñoz', 'Carrera Iglesia 763', 41960, 629403301, 568),
	('21417812M', 'Celestino', 'Ortiz', 'Callejón Fuente 929', 41960, 649029709, 569),
	('79893875V', 'Alexis', 'Miralles', 'Pasaje San Isidro 661', 41960, 690775848, 570),
	('50708570X', 'Maria Ascension', 'Esteve', 'Camino Nueva 190', 41960, 689315597, 571),
	('71201787C', 'Mercedes', 'Tirado', 'Carrera Ramón y Cajal 167', 41960, 656460626, 572),
	('94935291P', 'Valentin', 'Vila', 'Pasaje Nueva 737', 41960, 699949110, 573),
	('71181930N', 'Alex', 'Dominguez', 'Corredera Vicente Aleixandre 123', 41960, 687387932, 574),
	('40987759B', 'Ana Isabel', 'Guillen', 'Corredera San Pedro 708', 41960, 694561808, 575),
	('49017747D', 'Sheila', 'Jorge', 'Callejón Doctor Fleming 821', 41960, 668359620, 576),
	('50661549R', 'Maria Soledad', 'Rincon', 'Cuesta Rafael Alberti 784', 41960, 687903173, 577),
	('88871485Z', 'Carlos', 'Piñero', 'Ronda San Antonio 311', 41960, 676336609, 578),
	('44974408R', 'Sergio', 'Ortiz', 'Avenida Madrid 582', 41960, 654419528, 579),
	('06009083B', 'Cristina', 'Ocaña', 'Rambla San Antonio 517', 41960, 684854693, 580),
	('82571982G', 'Luis', 'Ariza', 'Ronda de España 748', 41960, 623361007, 581),
	('25177200C', 'Gustavo', 'Suarez', 'Travesía Miguel Hernández 931', 41960, 633869186, 582),
	('39226673N', 'Maria Gracia', 'Estrada', 'Camino Pedralbes 588', 41960, 691549826, 583),
	('94451766N', 'David', 'Marin', 'Calle San Juan 605', 41960, 671718816, 584),
	('38048632P', 'Adriana', 'Calvo', 'Camino de España 457', 41960, 693854059, 585),
	('06087009J', 'Gerardo', 'Montero', 'Vereda San José 677', 41960, 624145999, 586),
	('32345161P', 'Alexandre', 'Montoya', 'Vía Iglesia 102', 41930, 694658639, 587),
	('40138415B', 'Jose Luis', 'Amaya', 'Paseo San Isidro 803', 41930, 604478751, 588),
	('98605595H', 'Maria Elena', 'De La Cruz', 'Cuesta Doctor Fleming 271', 41930, 671837771, 589),
	('99184104P', 'Isidro', 'Chamorro', 'Travesía María Zambrano 126', 41930, 618867571, 590),
	('10983403Y', 'Valentina', 'Duque', 'Cuesta Fuente 822', 41930, 685563437, 591),
	('14951486Z', 'Maria', 'Arjona', 'Corredera Madrid 115', 41930, 608686188, 592),
	('85806257L', 'Maria Isabel', 'Nieto', 'Camino Vicente Aleixandre 871', 41930, 652459756, 593),
	('87197581G', 'Antonio Jose', 'Rincon', 'Gran vía Mayor 105', 41930, 784874341, 594),
	('98949612R', 'Eusebio', 'Sosa', 'Camino Diego Velázquez 163', 41930, 752960820, 595),
	('80196729F', 'Mar', 'Canovas', 'Camino Nueva 233', 41930, 670072605, 596),
	('52147740R', 'Guadalupe', 'Alcala', 'Paseo San Miguel 486', 41930, 644353423, 597),
	('13600856J', 'Maria Isabel', 'Ferrer', 'Vereda Lorca 638', 41930, 688036740, 598),
	('05945356V', 'Eugenio', 'Herrero', 'Calle Constitución 813', 41930, 695627853, 599),
	('04305045C', 'Rosalia', 'Bonet', 'Pasaje de España 303', 41930, 608882477, 600),
	('48739707Q', 'Arnau', 'Rosado', 'Avenida San Pedro 514', 41930, 643779268, 601),
	('90567031T', 'Vanessa', 'Gallardo', 'Cuesta Pedralbes 897', 41910, 691543369, 602),
	('27598676X', 'Juan Bautista', 'Corral', 'Calle Real 989', 41910, 605137713, 603),
	('41729524A', 'Isabel Maria', 'Segura', 'Paseo Pablo Picasso 38', 41910, 618941629, 604),
	('82408688X', 'Ignacio', 'Moyano', 'Travesía San Miguel 132', 41910, 772802848, 605),
	('95206919Y', 'Tomasa', 'Sala', 'Travesía Pablo Picasso 177', 41910, 672454437, 606),
	('07135230D', 'Albert', 'Andres', 'Avenida Vicente Aleixandre 845', 41910, 636535889, 607),
	('21142022P', 'Maria Cristina', 'Mateos', 'Gran vía Ramón y Cajal 786', 41910, 694224758, 608),
	('35868694X', 'Santos', 'Carrasco', 'Pasaje Iglesia 104', 41910, 655729689, 609),
	('98900105J', 'Vasile', 'Herrero', 'Rambla Mayor 356', 41910, 624524683, 610),
	('60480002F', 'Carles', 'Trujillo', 'Travesía Real 747', 41910, 694618751, 611),
	('36519143L', 'Amanda', 'Quintana', 'Carrera Santa Ana 586', 41910, 657462889, 612),
	('78195534L', 'Aurelio', 'De Miguel', 'Callejón de España 623', 41910, 664783139, 613),
	('85602520Q', 'Maria Carmen', 'Mata', 'Paseo Mayor 85', 41910, 697338304, 614),
	('29682011M', 'Purificacion', 'Olivares', 'Vereda Rafael Alberti 320', 41910, 672714899, 615),
	('63712360Z', 'Fidel', 'Ruano', 'Ronda Juan Ramón Jiménez 237', 41910, 661708454, 616),
	('25785683S', 'Maria Inmaculada', 'Nicolas', 'Camino Miguel Hernández 423', 41900, 638244780, 617),
	('84199333J', 'Olivia', 'Blanco', 'Rambla Iglesia 30', 41900, 647933088, 618),
	('29520472H', 'Jonatan', 'Brito', 'Calle Manuel de Falla 870', 41900, 676018105, 619),
	('14124418A', 'Leonor', 'Delgado', 'Carrera San Isidro 693', 41900, 620491602, 620),
	('35479854P', 'Jose Manuel', 'Gonzalez', 'Vía Diego Velázquez 134', 41900, 600297155, 621),
	('28468577M', 'Bernardo', 'Oliva', 'Ronda Iglesia 231', 41900, 660524728, 622),
	('39487092W', 'Susana', 'Galvan', 'Pasaje Iglesia 186', 41900, 698627045, 623),
	('87669636F', 'Juan Jose', 'Barreiro', 'Carrera Miguel Hernández 259', 41900, 679273511, 624),
	('30156328Q', 'Eric', 'Ferrer', 'Gran vía Clara Campoamor 832', 41900, 697968582, 625),
	('34070168S', 'Violeta', 'Cardona', 'Callejón San Juan 425', 41900, 664487818, 626),
	('01825550V', 'Adrian', 'Rebollo', 'Vereda Miguel de Cervantes 744', 41900, 609394299, 627),
	('21412271F', 'Remedios', 'Pons', 'Pasaje de España 9', 41900, 623866936, 628),
	('53345719W', 'Miriam', 'Ferrer', 'Vía San Pedro 652', 41900, 695640097, 629),
	('54901144Y', 'Anna', 'Lago', 'Rambla Antonio Machado 612', 41950, 675026594, 630),
	('00301867S', 'Juan Carlos', 'Cid', 'Cuesta San José 582', 41950, 669095106, 631),
	('64931114K', 'Elvira', 'Olmedo', 'Paseo Juan Ramón Jiménez 65', 41950, 690696505, 632),
	('46668197R', 'Jose Francisco', 'Del Rio', 'Carrera Fuente 340', 41950, 615981726, 633),
	('57982070J', 'Ricardo', 'Rodrigo', 'Travesía San Roque 533', 41950, 663756285, 634),
	('80438574F', 'Jesus Maria', 'Ferreiro', 'Travesía Iglesia 934', 41950, 646245735, 635),
	('37980437P', 'Gabriel', 'Lin', 'Avenida San Isidro 165', 41950, 604135293, 636),
	('40630588F', 'Jose Daniel', 'Rivas', 'Ronda Santa Ana 802', 41950, 734387738, 637),
	('89190229R', 'Ana Belen', 'Benitez', 'Gran vía Madrid 455', 41950, 622863494, 638),
	('46942579Q', 'Begoña', 'Palomo', 'Callejón Catalunya 479', 41950, 691500607, 639),
	('36356334G', 'Hassan', 'Galvan', 'Calle Diego Velázquez 457', 41950, 626492206, 640),
	('75397871F', 'Amalia', 'Macias', 'Avenida San Miguel 13', 41950, 658781671, 641),
	('87884605H', 'Pedro Jose', 'Gutierrez', 'Cuesta San Isidro 376', 41950, 641872864, 642),
	('26504818D', 'Juan Manuel', 'Benitez', 'Vereda de España 24', 41950, 676147895, 643),
	('73576865A', 'Adam', 'Escudero', 'Pasaje Doctor Fleming 84', 41950, 635379884, 644),
	('53070358C', 'Lorena', 'Barrio', 'Pasaje Constitución 303', 41950, 661092606, 645),
	('03592872L', 'Mirian', 'Hidalgo', 'Vereda Horno 633', 41950, 600017101, 646),
	('34776943T', 'Francisca', 'Fuentes', 'Calle San Isidro 117', 41950, 678386939, 647),
	('16948570P', 'Victoriano', 'Figueroa', 'Vereda Doctor Fleming 130', 41950, 671361092, 648),
	('32539978S', 'Fatima', 'Macias', 'Carrera San José 164', 41950, 629826376, 649),
	('34582313L', 'Juan Manuel', 'Olmedo', 'Gran vía Ramón y Cajal 232', 41950, 615076755, 650),
	('23974275H', 'Manuel Angel', 'Torres', 'Callejón Constitución 311', 41950, 604477920, 651),
	('86882873M', 'Rosa', 'Salinas', 'Carrera Madrid 728', 41960, 679751822, 652),
	('91847991K', 'Maria Reyes', 'Aguirre', 'Vereda San Antonio 385', 41960, 602663647, 653),
	('19868215X', 'Aaron', 'Pulido', 'Corredera Antonio Machado 85', 41960, 621846048, 654),
	('42006982N', 'Olga', 'Aznar', 'Gran vía Iglesia 169', 41960, 623572381, 655),
	('00412280M', 'Marcelino', 'Santamaria', 'Avenida San Isidro 157', 41960, 696814166, 656),
	('21172904R', 'Susana', 'Salvador', 'Pasaje Diego Velázquez 919', 41960, 633607281, 657),
	('84261884G', 'Amparo', 'Mesa', 'Ronda Horno 682', 41960, 623074838, 658),
	('02108038L', 'Margarita', 'Suarez', 'Pasaje Pablo Picasso 645', 41960, 624746280, 659),
	('83837724X', 'Miriam', 'Gamez', 'Paseo Clara Campoamor 216', 41960, 667187862, 660),
	('69202040P', 'Maria Dolors', 'Agudo', 'Callejón San Antonio 772', 41960, 679001097, 661),
	('87882200M', 'Josefina', 'Villanueva', 'Vereda Pablo Picasso 656', 41960, 685597206, 662),
	('44526645W', 'Serafin', 'Andres', 'Travesía Juan Ramón Jiménez 883', 41960, 686663579, 663),
	('94178592D', 'Vanesa', 'Mateu', 'Avenida Fuente 76', 41960, 656909320, 664),
	('46839174L', 'Aranzazu', 'Salvador', 'Callejón Rafael Murillo 517', 41960, 679574794, 665),
	('31861392K', 'Julia', 'Guzman', 'Rambla San José 749', 41960, 667961229, 666),
	('26672313H', 'Julian', 'Ruiz', 'Callejón Miguel Hernández 180', 41960, 666473952, 667),
	('44228256S', 'Alexis', 'Andres', 'Vía Pedralbes 185', 41960, 676715630, 668),
	('84856861V', 'Maria Magdalena', 'Barba', 'Callejón Pablo Picasso 743', 41960, 688912468, 669),
	('85622025V', 'Adolfo', 'Calvo', 'Rambla Fuente 793', 41960, 639537326, 670),
	('47003852V', 'Roman', 'Corral', 'Ronda Vicente Aleixandre 355', 41960, 603972961, 671),
	('07979505T', 'Valentina', 'Guijarro', 'Rambla San Antonio 622', 41960, 622255212, 672),
	('12518194F', 'Luis Maria', 'Esteban', 'Gran vía San Roque 317', 41960, 699985980, 673),
	('09657082A', 'Esteban', 'Ortega', 'Carrera Catalunya 416', 41960, 624267857, 674),
	('50374241D', 'Ana Cristina', 'Saavedra', 'Vía Vicente Aleixandre 399', 41930, 606380714, 675),
	('63660680S', 'Natividad', 'Arjona', 'Rambla de España 243', 41930, 640865843, 676),
	('28258693L', 'Jesus', 'Pulido', 'Vereda Rafael Murillo 600', 41930, 623074066, 677),
	('21022947G', 'Serafin', 'Latorre', 'Calle San Miguel 624', 41930, 613592718, 678),
	('46143353V', 'Jennifer', 'Estevez', 'Callejón Miguel de Cervantes 118', 41930, 696462347, 679),
	('12371780B', 'Helena', 'Corral', 'Vía San Isidro 981', 41930, 644863271, 680),
	('15851211W', 'Ildefonso', 'Perez', 'Avenida Fuente 800', 41930, 755743590, 681),
	('85235993V', 'Felisa', 'Alcala', 'Travesía Lorca 454', 41930, 714708832, 682),
	('20003248X', 'Jimena', 'Prieto', 'Vía de España 441', 41930, 691093814, 683),
	('71162721P', 'Jose Manuel', 'Gimenez', 'Rambla Catalunya 725', 41930, 677622796, 684),
	('27648304G', 'Luis Fernando', 'Galvez', 'Pasaje Doctor Fleming 662', 41930, 637693719, 685),
	('81211712T', 'Alvaro', 'Romera', 'Vía Iglesia 335', 41930, 647909248, 686),
	('30169798P', 'Veronica', 'Ruiz', 'Rambla Rafael Alberti 563', 41930, 613634325, 687),
	('69038863Q', 'Jose Andres', 'Arenas', 'Carrera San Pedro 309', 41930, 603703217, 688),
	('27805691W', 'Jose Manuel', 'Pardo', 'Paseo Clara Campoamor 112', 41930, 662274971, 689),
	('40871098Y', 'Francesc', 'Zapata', 'Pasaje Real 784', 41910, 687879319, 690),
	('55918357K', 'Noa', 'Bonilla', 'Paseo Rafael Murillo 218', 41910, 664176528, 691),
	('94934375N', 'Maria Begoña', 'Gonzalo', 'Corredera San Juan 7', 41910, 618340849, 692),
	('73085323V', 'Eric', 'Reyes', 'Calle San Antonio 643', 41910, 627094783, 693),
	('47201847M', 'Cristina', 'Carrion', 'Cuesta Fuente 507', 41910, 615339636, 694),
	('68305049V', 'Joan', 'Rubio', 'Paseo Madrid 614', 41910, 636700882, 695),
	('37750564C', 'Rosario', 'Acosta', 'Vía Juan Ramón Jiménez 802', 41910, 680122262, 696),
	('58568896V', 'Iñigo', 'Del Valle', 'Camino Iglesia 45', 41910, 610826601, 697),
	('06881192Y', 'Fatima', 'Mosquera', 'Callejón Constitución 710', 41910, 658943742, 698),
	('25398451B', 'Guillem', 'Morillo', 'Paseo San Miguel 89', 41910, 688950806, 699),
	('26882244M', 'Paola', 'Aguilera', 'Corredera Juan Ramón Jiménez 767', 41910, 624123080, 700),
	('49415779A', 'Alba', 'Pla', 'Gran vía San Juan 968', 41910, 671647283, 701),
	('24046850M', 'Rosa', 'Murillo', 'Avenida San Isidro 208', 41910, 687502265, 702),
	('82614051Y', 'Asier', 'Vela', 'Rambla San Pedro 907', 41910, 644265156, 703),
	('77191058E', 'Marina', 'Soriano', 'Carrera Constitución 908', 41910, 615601929, 704),
	('93158145A', 'Adriana', 'Zamora', 'Travesía Horno 616', 41900, 631142992, 705),
	('38213937N', 'Jose Luis', 'Juarez', 'Callejón Catalunya 508', 41900, 633149986, 706),
	('43198949G', 'Samuel', 'Crespo', 'Corredera Vicente Aleixandre 509', 41900, 633615583, 707),
	('97198807W', 'Gonzalo', 'Cordero', 'Corredera San Roque 756', 41900, 614217819, 708),
	('70515040F', 'Elisabeth', 'Amador', 'Ronda Pedralbes 236', 41900, 627189489, 709),
	('97460776R', 'Maria Remedios', 'Cobos', 'Ronda Doctor Fleming 915', 41900, 669411612, 710),
	('79330756F', 'Gheorghe', 'Rojo', 'Rambla Real 56', 41900, 683361435, 711),
	('76133082T', 'Jorge', 'Recio', 'Avenida San Miguel 100', 41900, 680824342, 712),
	('98272534C', 'Joana', 'Carrera', 'Vereda San Miguel 764', 41900, 680111626, 713),
	('46676039T', 'Enriqueta', 'Zambrano', 'Vía Constitución 33', 41900, 675537856, 714),
	('31281899J', 'Cristobal', 'Alcala', 'Vereda Rafael Murillo 944', 41900, 605596246, 715),
	('02459762G', 'Joel', 'Zapata', 'Calle Horno 24', 41900, 797912132, 716),
	('12738571K', 'Constantino', 'Cabezas', 'Calle Horno 674', 41900, 675005601, 717),
	('13471155D', 'Rosa', 'Pla', 'Rambla San Pedro 87', 41950, 654072523, 718),
	('48305420S', 'Sheila', 'Castro', 'Vía Manuel de Falla 280', 41950, 697053589, 719),
	('03059011B', 'Ali', 'Segovia', 'Camino Vicente Aleixandre 3', 41950, 635922942, 720),
	('37045854F', 'Carmen', 'Carrasco', 'Cuesta Fuente 713', 41950, 652481632, 721),
	('59401729C', 'Ascension', 'Luis', 'Callejón San Isidro 27', 41950, 657269637, 722),
	('57977997B', 'Berta', 'Carrasco', 'Vereda Manuel de Falla 906', 41950, 677533083, 723),
	('74663010L', 'Justo', 'Rosa', 'Ronda de España 460', 41950, 658977613, 724),
	('73686385C', 'Maria Amparo', 'Castillo', 'Cuesta San Antonio 167', 41950, 682354833, 725),
	('84787378V', 'Tamara', 'Clemente', 'Callejón San Juan 58', 41950, 693142926, 726),
	('40992598C', 'Anna', 'Carrasco', 'Pasaje San Juan 263', 41950, 664406342, 727),
	('98304905F', 'Tamara', 'Martos', 'Vía Antonio Machado 410', 41950, 629682699, 728),
	('69968480L', 'Carlos', 'Herrero', 'Calle Nueva 618', 41950, 691562616, 729),
	('69171311F', 'Estefania', 'Marin', 'Vía Iglesia 272', 41950, 620139611, 730),
	('19663124X', 'Modesto', 'Herrero', 'Ronda Fuente 179', 41950, 689692790, 731),
	('63761378L', 'Aina', 'Arroyo', 'Avenida Juan Ramón Jiménez 939', 41950, 620861112, 732),
	('45407455G', 'Rachid', 'Alarcon', 'Travesía Pablo Picasso 70', 41950, 687966855, 733),
	('84699671D', 'Roberto', 'Barroso', 'Corredera Fuente 279', 41950, 698244209, 734),
	('12374255W', 'Natalia', 'Aguirre', 'Corredera Manuel de Falla 654', 41950, 690836060, 735),
	('73801399B', 'Isidro', 'Perea', 'Vía Pablo Picasso 302', 41950, 711310915, 736),
	('91292786J', 'Adela', 'Sanchis', 'Travesía Ramón y Cajal 385', 41950, 688721096, 737),
	('64170771N', 'Jairo', 'Alcaraz', 'Rambla Vicente Aleixandre 237', 41950, 621255733, 738),
	('96922552T', 'Araceli', 'Herrera', 'Vereda Vicente Aleixandre 657', 41950, 628391184, 739),
	('35043415V', 'Olivia', 'Bermejo', 'Vía Antonio Machado 303', 41960, 632418196, 740),
	('16696382S', 'Adrian', 'Cortes', 'Callejón Santa Ana 426', 41960, 626127789, 741),
	('39873371L', 'Maria Teresa', 'Corral', 'Cuesta Miguel de Cervantes 784', 41960, 614716967, 742),
	('37508286R', 'Francisco', 'Carballo', 'Ronda Horno 781', 41960, 642368837, 743),
	('54317783V', 'Nayara', 'Oliva', 'Gran vía Antonio Machado 613', 41960, 636133848, 744),
	('36077449V', 'Eugenia', 'Pardo', 'Ronda Nueva 769', 41960, 674386346, 745),
	('33462922S', 'Hugo', 'Arranz', 'Ronda Juan Ramón Jiménez 816', 41960, 629291010, 746),
	('91141405H', 'Oriol', 'Sierra', 'Vía Miguel de Cervantes 913', 41960, 674788127, 747),
	('56463594C', 'Candela', 'Ballester', 'Paseo Iglesia 848', 41960, 694468057, 748),
	('10949638M', 'Daniel', 'Pineda', 'Avenida Real 158', 41960, 649723549, 749),
	('45130514Y', 'Juana', 'Moran', 'Vía Antonio Machado 558', 41960, 693277511, 750),
	('88309641Z', 'Joaquina', 'Iglesias', 'Rambla Fuente 892', 41960, 684764799, 751),
	('04678950Z', 'Lorenzo', 'Carrillo', 'Corredera Iglesia 68', 41960, 629008926, 752),
	('88162170L', 'Santiago', 'Vega', 'Corredera Catalunya 105', 41960, 704485894, 753),
	('28855827G', 'Bernardo', 'Villalba', 'Cuesta Pablo Picasso 398', 41960, 683889258, 754),
	('45503069F', 'Igor', 'Moran', 'Corredera Horno 855', 41960, 611901689, 755),
	('67789095E', 'Nayara', 'Lozano', 'Callejón de España 969', 41960, 607944298, 756),
	('48137194B', 'Aurelia', 'Ballester', 'Carrera Diego Velázquez 873', 41960, 697362680, 757),
	('03097122B', 'Iker', 'Grau', 'Rambla San Antonio 270', 41960, 645802390, 758),
	('81188553W', 'Mariano', 'Godoy', 'Calle Catalunya 685', 41960, 699531405, 759),
	('46080478R', 'Aurora', 'Roca', 'Travesía San Roque 186', 41960, 635576341, 760),
	('50156884W', 'Aina', 'Pla', 'Vereda San Antonio 272', 41960, 615988571, 761),
	('75409425S', 'Carme', 'Ponce', 'Calle Fuente 797', 41960, 691508321, 762),
	('81471613R', 'Mar', 'Cruz', 'Avenida San Pedro 32', 41930, 781647883, 763),
	('62909167G', 'Vicente', 'Caballero', 'Rambla San Pedro 328', 41930, 646607848, 764),
	('21732447T', 'Juan Ignacio', 'Sanz', 'Paseo Diego Velázquez 958', 41930, 649755576, 765),
	('13028461L', 'Filomena', 'Saez', 'Ronda San Juan 513', 41930, 600495558, 766),
	('61526255J', 'Maria Nieves', 'Peinado', 'Corredera Catalunya 803', 41930, 660445891, 767),
	('18993509V', 'Elia', 'Estrada', 'Travesía San Pedro 339', 41930, 645754596, 768),
	('05115277P', 'Mirian', 'Vela', 'Paseo Madrid 576', 41930, 627059215, 769),
	('21198572R', 'Catalina', 'Mendez', 'Corredera Santa Ana 125', 41930, 697512382, 770),
	('44218359P', 'Serafin', 'Cuadrado', 'Calle San José 840', 41930, 695927214, 771),
	('52006896D', 'Francisco Jesus', 'Martin', 'Paseo Rafael Alberti 165', 41930, 672035079, 772),
	('66551458S', 'Noemi', 'Lara', 'Travesía Madrid 71', 41930, 664623180, 773),
	('31378961S', 'Eugenia', 'Lobato', 'Cuesta Clara Campoamor 929', 41930, 672257515, 774),
	('09704045T', 'Begoña', 'Medina', 'Pasaje Iglesia 805', 41930, 699687321, 775),
	('10601013Z', 'Jairo', 'Exposito', 'Travesía Rafael Alberti 771', 41930, 602510152, 776),
	('28282695D', 'Ascension', 'Martin', 'Camino Iglesia 186', 41930, 677920567, 777),
	('75546003L', 'Pol', 'Figueroa', 'Ronda María Zambrano 903', 41910, 711038731, 778),
	('71943291G', 'Juan Maria', 'Cardenas', 'Travesía Diego Velázquez 623', 41910, 673954282, 779),
	('73536905V', 'Nerea', 'Carretero', 'Cuesta Constitución 747', 41910, 647699488, 780),
	('56494677F', 'Alex', 'Cuadrado', 'Vía Madrid 227', 41910, 695162816, 781),
	('52951909K', 'Leticia', 'Ahmed', 'Corredera Pablo Picasso 167', 41910, 656762776, 782),
	('73079958B', 'Gonzalo', 'Martinez', 'Calle Nueva 657', 41910, 684899030, 783),
	('26883163G', 'Samuel', 'Arjona', 'Travesía Rafael Alberti 782', 41910, 639421370, 784),
	('98308664V', 'Joel', 'Castellano', 'Carrera Madrid 721', 41910, 622029736, 785),
	('85650579M', 'Antonio Jesus', 'Melero', 'Avenida Catalunya 951', 41910, 624114002, 786),
	('80074109T', 'Blanca', 'Rios', 'Carrera María Zambrano 498', 41910, 604372061, 787),
	('54142128J', 'Carlos Javier', 'Pena', 'Callejón Constitución 21', 41910, 786515555, 788),
	('29135973X', 'Maria Ines', 'Tomas', 'Pasaje San Miguel 740', 41910, 697962128, 789),
	('09543243Z', 'Maria Luisa', 'Bueno', 'Vía Santa Ana 692', 41910, 602497664, 790),
	('24361882Y', 'Nerea', 'Sanchis', 'Cuesta de España 87', 41910, 677496694, 791),
	('22246393B', 'Claudio', 'Caballero', 'Pasaje Iglesia 68', 41910, 683636509, 792),
	('47550684R', 'Piedad', 'Valls', 'Avenida Juan Ramón Jiménez 232', 41900, 699532191, 793),
	('29025579Q', 'Juan Carlos', 'Bartolome', 'Rambla Iglesia 587', 41900, 652313501, 794),
	('20784582B', 'Yaiza', 'Lozano', 'Camino Ramón y Cajal 976', 41900, 764087239, 795),
	('37012540C', 'Rosa Maria', 'Costa', 'Rambla Constitución 269', 41900, 714905707, 796),
	('67997140D', 'Maria Carmen', 'Muñiz', 'Callejón María Zambrano 601', 41900, 696534774, 797),
	('96900709F', 'Jose Francisco', 'Maldonado', 'Callejón Rafael Alberti 400', 41900, 689394867, 798),
	('80511407E', 'Julio Cesar', 'Pinto', 'Paseo Nueva 463', 41900, 637751703, 799),
	('31321409D', 'Julia', 'Vives', 'Callejón María Zambrano 98', 41900, 620792282, 800),
	('07357335A', 'Rachid', 'Diaz', 'Callejón Horno 944', 41900, 688986823, 801),
	('95229914R', 'Diana', 'Pereira', 'Camino Vicente Aleixandre 978', 41900, 657191106, 802),
	('04884151D', 'Natividad', 'Becerra', 'Carrera Santa Ana 254', 41900, 784537060, 803),
	('11581418K', 'Miquel', 'Ochoa', 'Pasaje Rafael Murillo 551', 41900, 644957108, 804),
	('59302598L', 'Saray', 'Marques', 'Cuesta San Isidro 70', 41900, 681942566, 805),
	('42226229T', 'Marc', 'Vila', 'Avenida Pedralbes 513', 41950, 655343312, 806),
	('71145279T', 'Ezequiel', 'Perez', 'Corredera Catalunya 917', 41950, 692815129, 807),
	('77528682Y', 'Youssef', 'Galindo', 'Cuesta Rafael Alberti 255', 41950, 690472494, 808),
	('83259995H', 'Jordi', 'Sola', 'Paseo San Miguel 454', 41950, 651670789, 809),
	('60864507K', 'Ian', 'Herranz', 'Camino de España 43', 41950, 616172592, 810),
	('40250255W', 'Mar', 'Mohamed', 'Ronda Rafael Murillo 652', 41950, 699516742, 811),
	('65541570B', 'Ricardo', 'Sala', 'Gran vía Miguel Hernández 464', 41950, 629500770, 812),
	('60983516M', 'Carmen', 'Velasco', 'Callejón Clara Campoamor 610', 41950, 782252624, 813),
	('41142662D', 'Gerard', 'Cabezas', 'Corredera Vicente Aleixandre 593', 41950, 747715686, 814),
	('19641807Z', 'Isaac', 'Salguero', 'Calle San Juan 396', 41950, 606297209, 815),
	('34929221H', 'Jose Maria', 'Alba', 'Ronda Mayor 413', 41950, 608904389, 816),
	('10736216T', 'Natalia', 'Castellanos', 'Carrera Ramón y Cajal 44', 41950, 656848277, 817),
	('75266526S', 'Felix', 'Pascual', 'Paseo Doctor Fleming 688', 41950, 662902880, 818),
	('74056232G', 'Adoracion', 'Caro', 'Corredera Miguel de Cervantes 529', 41950, 601823851, 819),
	('03070440D', 'Juan Manuel', 'Arjona', 'Gran vía Juan Ramón Jiménez 242', 41950, 691884025, 820),
	('14802118P', 'Gustavo', 'Espejo', 'Vereda Constitución 629', 41950, 640087803, 821),
	('16349830G', 'Olivia', 'Amaya', 'Camino San Pedro 294', 41950, 657741686, 822),
	('62076974C', 'Pedro Manuel', 'Tapia', 'Ronda San Miguel 701', 41950, 675752716, 823),
	('70818083W', 'Jacinto', 'Cebrian', 'Callejón Fuente 557', 41950, 684700631, 824),
	('04840951A', 'Abraham', 'Puig', 'Travesía San Miguel 358', 41950, 689130674, 825),
	('06703873V', 'Jose Enrique', 'Puig', 'Vía Iglesia 62', 41950, 675482825, 826),
	('33115769R', 'Julia', 'Cuevas', 'Corredera San Antonio 607', 41950, 738241338, 827),
	('55689476J', 'Mariana', 'Cabrera', 'Ronda San Roque 506', 41960, 611084843, 828),
	('61445868B', 'Alba Maria', 'Domingo', 'Rambla San Isidro 865', 41960, 638677922, 829),
	('73743202G', 'Maria Purificacion', 'Pazos', 'Paseo de España 437', 41960, 655286868, 830),
	('54340079A', 'Victoriano', 'Collado', 'Rambla San Antonio 178', 41960, 631102787, 831),
	('85945475H', 'Emilio', 'Tapia', 'Gran vía Horno 979', 41960, 684701752, 832),
	('56987791R', 'Carlos', 'Gutierrez', 'Cuesta San José 824', 41960, 682998413, 833),
	('93767055B', 'Maria Milagros', 'Nuñez', 'Vereda Miguel Hernández 861', 41960, 688161715, 834),
	('51502894Y', 'Francisco Antonio', 'Cardona', 'Cuesta Santa Ana 245', 41960, 645612937, 835),
	('74630975T', 'Miquel', 'Cordero', 'Carrera Antonio Machado 292', 41960, 641373343, 836),
	('05513213K', 'Vicenta', 'Barrera', 'Ronda Clara Campoamor 872', 41960, 665405205, 837),
	('87101808A', 'Maria Dolors', 'Moyano', 'Vía Doctor Fleming 293', 41960, 632079350, 838),
	('95776561F', 'Emiliano', 'Galan', 'Corredera Pedralbes 706', 41960, 633772415, 839),
	('17927599L', 'Juan Dios', 'Alarcon', 'Callejón Catalunya 13', 41960, 655474984, 840),
	('06631313E', 'Moises', 'Alcala', 'Rambla San Miguel 992', 41960, 605146298, 841),
	('98042009R', 'Joan', 'Velazquez', 'Carrera Lorca 258', 41960, 601218528, 842),
	('95554520P', 'Itziar', 'Bermejo', 'Paseo San Antonio 253', 41960, 626076544, 843),
	('79164654B', 'Maria Mercedes', 'Porras', 'Cuesta San Roque 507', 41960, 672757942, 844),
	('01428449B', 'Eloy', 'Soria', 'Carrera Miguel Hernández 293', 41960, 652772049, 845),
	('83140432D', 'Emilia', 'Miranda', 'Avenida Real 603', 41960, 675922071, 846),
	('64578518S', 'Carmen', 'Trujillo', 'Paseo Pedralbes 28', 41960, 614141683, 847),
	('12176269T', 'Angeles', 'Redondo', 'Vereda Ramón y Cajal 323', 41960, 642402650, 848),
	('88873107A', 'Alberto', 'Vives', 'Paseo San Pedro 145', 41960, 627067075, 849),
	('52974062W', 'Valentina', 'Pereira', 'Cuesta Nueva 986', 41960, 608070516, 850),
	('27257856G', 'Maria Victoria', 'Lobato', 'Vereda Fuente 696', 41930, 664882321, 851),
	('21031332V', 'Maite', 'Santana', 'Corredera Juan Ramón Jiménez 766', 41930, 676087664, 852),
	('39077607D', 'Bartolome', 'Barrera', 'Carrera María Zambrano 508', 41930, 685602451, 853),
	('13291796G', 'Alonso', 'Casado', 'Vereda Diego Velázquez 21', 41930, 694858293, 854),
	('21041719P', 'Lourdes', 'Ventura', 'Vía Doctor Fleming 278', 41930, 613213237, 855),
	('42685706Y', 'Vicente', 'Martinez', 'Gran vía Catalunya 366', 41930, 694037550, 856),
	('63964265T', 'Benita', 'Gonzalo', 'Gran vía Mayor 80', 41930, 714372029, 857),
	('03264011N', 'Marc', 'Esteve', 'Gran vía Pablo Picasso 307', 41930, 680831323, 858),
	('58420777H', 'Maria Nieves', 'Barrios', 'Callejón Miguel Hernández 46', 41930, 690613323, 859),
	('61958407H', 'Elisabet', 'Aguilar', 'Callejón Pablo Picasso 744', 41930, 648940752, 860),
	('91671044J', 'Jose Joaquin', 'Rincon', 'Vereda San Pedro 364', 41930, 664325283, 861),
	('00963732D', 'Jonathan', 'Guijarro', 'Camino Miguel Hernández 539', 41930, 609332267, 862),
	('51761893W', 'Luciano', 'Miralles', 'Paseo Manuel de Falla 962', 41930, 607280071, 863),
	('27965557H', 'Alfonso', 'Piñero', 'Avenida Mayor 994', 41930, 691184255, 864),
	('22392809D', 'Maria Eugenia', 'Nuñez', 'Pasaje Fuente 840', 41930, 673375181, 865),
	('36622641V', 'Jairo', 'Carrillo', 'Camino Iglesia 2', 41910, 629207073, 866),
	('75174154B', 'Candela', 'Andreu', 'Camino Fuente 965', 41910, 667677635, 867),
	('05350690Q', 'Adrian', 'Paredes', 'Cuesta Miguel de Cervantes 244', 41910, 692246451, 868),
	('15972902T', 'Ascension', 'Gomez', 'Pasaje San José 950', 41910, 711462639, 869),
	('11790872Z', 'Sebastian', 'Menendez', 'Rambla Ramón y Cajal 397', 41910, 649792015, 870),
	('80373951Z', 'Andres', 'Rosado', 'Pasaje Nueva 647', 41910, 696605178, 871),
	('79294703H', 'Jesus', 'Herranz', 'Callejón Lorca 321', 41910, 699080548, 872),
	('24017588E', 'Isabel', 'Redondo', 'Calle Ramón y Cajal 608', 41910, 675289506, 873),
	('71898230T', 'Nuria', 'Domingo', 'Pasaje San Miguel 927', 41910, 634754470, 874),
	('97609535L', 'Juan Miguel', 'Alonso', 'Pasaje Fuente 884', 41910, 742264515, 875),
	('65720400Q', 'Isabel', 'Palomo', 'Travesía Fuente 251', 41910, 699580365, 876),
	('57234899C', 'Adria', 'Leon', 'Gran vía Manuel de Falla 873', 41910, 645367614, 877),
	('90729706L', 'Maria Belen', 'Rios', 'Camino Juan Ramón Jiménez 776', 41910, 622643188, 878),
	('54383005B', 'Maria Inmaculada', 'Llamas', 'Rambla Pedralbes 497', 41910, 689897875, 879),
	('48161348S', 'Antonio Jose', 'Amaya', 'Callejón Miguel de Cervantes 722', 41910, 624712894, 880),
	('34956768B', 'Joaquina', 'Lopez', 'Gran vía Rafael Murillo 63', 41900, 764234706, 881),
	('97349754T', 'Alexander', 'Melero', 'Pasaje Constitución 697', 41900, 652244574, 882),
	('45404449B', 'Eva', 'Murillo', 'Pasaje San Roque 895', 41900, 642657357, 883),
	('04023427Z', 'Antonio Javier', 'Castellanos', 'Corredera Antonio Machado 603', 41900, 678897011, 884),
	('65739479M', 'Benjamin', 'Marin', 'Rambla Fuente 110', 41900, 669181948, 885),
	('13811532D', 'Omar', 'Palma', 'Rambla Catalunya 474', 41900, 671499919, 886),
	('56577731P', 'Florentina', 'Peinado', 'Paseo San Juan 521', 41900, 699865600, 887),
	('92275116J', 'Elvira', 'Gamez', 'Carrera San Juan 103', 41900, 652170314, 888),
	('35611169Q', 'Juan Jesus', 'Velasco', 'Carrera San Isidro 135', 41900, 696390967, 889),
	('54474017N', 'Magdalena', 'Chacon', 'Callejón San Miguel 897', 41900, 764575055, 890),
	('46744547Z', 'Maria Rosario', 'Ordoñez', 'Gran vía Miguel Hernández 83', 41900, 658107195, 891),
	('18851375T', 'Paula', 'Rincon', 'Vereda Horno 911', 41900, 609526752, 892),
	('01349091A', 'Amador', 'Dominguez', 'Carrera Juan Ramón Jiménez 17', 41900, 709644926, 893),
	('82574448D', 'Oriol', 'Correa', 'Rambla San Antonio 81', 41950, 637927684, 894),
	('90542973T', 'Joaquim', 'Arribas', 'Rambla Pablo Picasso 898', 41950, 699315299, 895),
	('20456778A', 'Abril', 'Vera', 'Avenida Santa Ana 261', 41950, 737436796, 896),
	('87826451P', 'Maria Eugenia', 'Juan', 'Callejón Vicente Aleixandre 307', 41950, 689422708, 897),
	('99625823N', 'Adolfo', 'Vargas', 'Travesía Constitución 379', 41950, 672995040, 898),
	('51572169M', 'Asuncion', 'Lara', 'Travesía Vicente Aleixandre 556', 41950, 651114330, 899),
	('73188994G', 'Fidel', 'Salinas', 'Corredera Juan Ramón Jiménez 312', 41950, 618636180, 900),
	('93613274P', 'Joaquim', 'Varela', 'Camino Real 550', 41950, 672265662, 901),
	('78909627P', 'Jesus Manuel', 'Lafuente', 'Ronda Ramón y Cajal 456', 41950, 682178846, 902),
	('24606454L', 'Mikel', 'Campo', 'Ronda Horno 393', 41950, 623432634, 903),
	('47223660Z', 'Carmen', 'Granados', 'Gran vía Nueva 497', 41950, 696389576, 904),
	('48470148V', 'Alfredo', 'Egea', 'Callejón Clara Campoamor 342', 41950, 696116139, 905),
	('81475099Z', 'Hector', 'Ferrero', 'Vereda Lorca 938', 41950, 648200700, 906),
	('02974964Y', 'Eva', 'Corral', 'Calle Pedralbes 252', 41950, 678633482, 907),
	('94538380P', 'Jimena', 'Navarro', 'Callejón Nueva 554', 41950, 664664611, 908),
	('03501120Z', 'Gustavo', 'Carvajal', 'Rambla Horno 71', 41950, 621887774, 909),
	('35845766J', 'Aitana', 'Nieto', 'Ronda Nueva 537', 41950, 612903034, 910),
	('49772894C', 'Felicidad', 'Leal', 'Calle San José 388', 41950, 642319452, 911),
	('31844768A', 'Isidro', 'Agudo', 'Vereda Nueva 624', 41950, 616664693, 912),
	('39867737C', 'Carlos', 'Perez', 'Paseo Miguel Hernández 730', 41950, 665677610, 913),
	('23299345T', 'Xavier', 'Davila', 'Rambla San José 613', 41950, 626841393, 914),
	('62677341H', 'Maria Reyes', 'Gomez', 'Calle de España 524', 41950, 607061805, 915),
	('60492529E', 'Neus', 'Saavedra', 'Gran vía Antonio Machado 447', 41960, 710245053, 916),
	('57381815N', 'Josefa', 'Sastre', 'Carrera Madrid 168', 41960, 636996100, 917),
	('15320740A', 'Maria Antonia', 'Castillo', 'Camino Santa Ana 968', 41960, 644567996, 918),
	('46717870V', 'Claudio', 'Cuenca', 'Corredera Manuel de Falla 609', 41960, 681884449, 919),
	('34576276P', 'Erik', 'Ponce', 'Cuesta Ramón y Cajal 137', 41960, 619078000, 920),
	('04109437G', 'Leyre', 'Casanova', 'Vereda San Pedro 538', 41960, 650890009, 921),
	('83947613M', 'Cesar', 'Sosa', 'Rambla Pedralbes 506', 41960, 661038935, 922),
	('72326912P', 'Aina', 'Cano', 'Vereda Diego Velázquez 219', 41960, 637959380, 923),
	('04356391F', 'Rosario', 'Paez', 'Calle Catalunya 345', 41960, 683078038, 924),
	('81398075V', 'Jacobo', 'Galan', 'Gran vía Diego Velázquez 567', 41960, 691781446, 925),
	('21198396D', 'Hortensia', 'Mesa', 'Vía Manuel de Falla 162', 41960, 686125867, 926),
	('13891773A', 'Aitor', 'Ayala', 'Corredera San Antonio 794', 41960, 653334009, 927),
	('36772186Q', 'Maria Dolors', 'Luque', 'Paseo Manuel de Falla 762', 41960, 785272289, 928),
	('10268340J', 'Jairo', 'Salinas', 'Travesía Pablo Picasso 626', 41960, 600389343, 929),
	('77130353Z', 'Andreu', 'Miguel', 'Corredera Miguel Hernández 682', 41960, 693730288, 930),
	('45296867T', 'Miquel', 'Ballester', 'Cuesta San Juan 99', 41960, 657849149, 931),
	('52192914A', 'Kevin', 'Criado', 'Avenida Vicente Aleixandre 864', 41960, 683016171, 932),
	('15712533Z', 'Valentin', 'Guzman', 'Ronda Catalunya 639', 41960, 637675001, 933),
	('42380070V', 'Manuela', 'Andreu', 'Camino Pedralbes 484', 41960, 667977245, 934),
	('38243088E', 'Carlos Manuel', 'Del Valle', 'Gran vía San Juan 87', 41960, 632928951, 935),
	('03303250J', 'Francisco Miguel', 'Plaza', 'Gran vía San Antonio 736', 41960, 687339759, 936),
	('91276538A', 'Blanca', 'Catalan', 'Calle Doctor Fleming 528', 41960, 670654241, 937),
	('53689829D', 'Carmen', 'Duarte', 'Vía San Roque 76', 41960, 612438653, 938),
	('18214009X', 'Pedro Luis', 'Borrego', 'Calle Manuel de Falla 174', 41930, 608777416, 939),
	('48030963V', 'Antonia Maria', 'Escudero', 'Camino Vicente Aleixandre 550', 41930, 617948517, 940),
	('60289416E', 'Leonor', 'Sanchis', 'Pasaje Juan Ramón Jiménez 175', 41930, 686015030, 941),
	('81524494M', 'Eduardo', 'Gomez', 'Gran vía Catalunya 16', 41930, 614247160, 942),
	('56188105W', 'Mario', 'Aznar', 'Calle Pablo Picasso 216', 41930, 671741882, 943),
	('00994327Z', 'Joel', 'Rojo', 'Calle de España 529', 41930, 609197715, 944),
	('78482985Q', 'Pedro Luis', 'Ahmed', 'Gran vía Santa Ana 319', 41930, 682179798, 945),
	('28636362M', 'Roman', 'Olivares', 'Pasaje Doctor Fleming 810', 41930, 626846385, 946),
	('41567774N', 'Esperanza', 'Aranda', 'Rambla María Zambrano 516', 41930, 632139580, 947),
	('01910661M', 'Aranzazu', 'Crespo', 'Camino San Roque 692', 41930, 669381321, 948),
	('50254549D', 'Cecilia', 'Pons', 'Travesía San Isidro 163', 41930, 691349532, 949),
	('13178505B', 'Maria Manuela', 'Guijarro', 'Carrera Rafael Murillo 814', 41930, 610618234, 950),
	('79624832M', 'Nicolas', 'Carvajal', 'Ronda Rafael Murillo 914', 41930, 600497926, 951),
	('91923476C', 'Leonor', 'Suarez', 'Paseo María Zambrano 573', 41930, 686994503, 952),
	('28939571M', 'Lydia', 'Carrion', 'Avenida Manuel de Falla 680', 41930, 676823094, 953),
	('52220337X', 'Maria Esperanza', 'Ordoñez', 'Pasaje Pablo Picasso 981', 41910, 606071514, 954),
	('10520880J', 'Nayara', 'Lorenzo', 'Rambla Horno 744', 41910, 658591533, 955),
	('12868661T', 'Gheorghe', 'Mora', 'Gran vía San Roque 127', 41910, 754207928, 956),
	('31109104V', 'Clara', 'De La Fuente', 'Paseo Iglesia 23', 41910, 602196000, 957),
	('97627021W', 'Maria Luz', 'Guzman', 'Rambla Diego Velázquez 687', 41910, 634423348, 958),
	('11433439R', 'Jonatan', 'Contreras', 'Rambla Pablo Picasso 294', 41910, 633324822, 959),
	('10192953C', 'Eric', 'Vela', 'Ronda Vicente Aleixandre 842', 41910, 676576982, 960),
	('13287140V', 'Jose Andres', 'Del Valle', 'Cuesta San Isidro 552', 41910, 644074370, 961),
	('22203953Y', 'Eusebio', 'Toro', 'Paseo Pablo Picasso 925', 41910, 673083863, 962),
	('92840466T', 'Carmelo', 'Rueda', 'Pasaje Rafael Alberti 615', 41910, 683334023, 963),
	('74100597W', 'Rosalia', 'Martos', 'Vía Pablo Picasso 599', 41910, 617591641, 964),
	('47409322C', 'David', 'Cuenca', 'Vía San Juan 459', 41910, 665531489, 965),
	('72826617S', 'Lola', 'Heredia', 'Calle San Antonio 537', 41910, 642110954, 966),
	('52438924M', 'Roman', 'Prieto', 'Camino Rafael Alberti 545', 41910, 610457016, 967),
	('02740652H', 'Leticia', 'Zapata', 'Gran vía Clara Campoamor 100', 41910, 663833377, 968),
	('77406692P', 'Felix', 'Serra', 'Corredera Clara Campoamor 240', 41900, 603416231, 969),
	('26871254D', 'Maria Teresa', 'Herrero', 'Ronda Constitución 612', 41900, 633196238, 970),
	('48373814F', 'Ildefonso', 'Mata', 'Avenida Iglesia 661', 41900, 632093450, 971),
	('69941840J', 'Isabel Maria', 'Chen', 'Paseo Constitución 167', 41900, 681290687, 972),
	('96952388M', 'Victoria', 'Corral', 'Carrera San José 58', 41900, 647802839, 973),
	('72828560A', 'Jaume', 'Alonso', 'Carrera de España 70', 41900, 600459292, 974),
	('88849064H', 'Maria Elena', 'Serna', 'Ronda San Isidro 910', 41900, 617525911, 975),
	('72029213K', 'Jaume', 'Barrio', 'Camino Rafael Alberti 746', 41900, 614651821, 976),
	('96780104Z', 'Soledad', 'Tena', 'Gran vía Manuel de Falla 13', 41900, 672667002, 977),
	('82725169B', 'Sonia', 'Roman', 'Corredera San Juan 151', 41900, 643113977, 978),
	('79769736D', 'Juan Diego', 'Aguirre', 'Camino Ramón y Cajal 477', 41900, 618064999, 979),
	('83416327L', 'Jacobo', 'Alcalde', 'Travesía Manuel de Falla 336', 41900, 674166749, 980),
	('15617724B', 'Jose Maria', 'Cortes', 'Travesía Pablo Picasso 606', 41900, 630961486, 981),
	('58202573S', 'Maria Francisca', 'Mendoza', 'Callejón San Miguel 345', 41950, 696535289, 982),
	('16037731S', 'Ander', 'Esteban', 'Cuesta Fuente 898', 41950, 626351165, 983),
	('65896133Y', 'Christian', 'Sanchez', 'Paseo Diego Velázquez 90', 41950, 615157067, 984),
	('11190842P', 'Diego', 'Cabezas', 'Callejón Antonio Machado 364', 41950, 636906918, 985),
	('02531157F', 'Ramon', 'Hurtado', 'Carrera Iglesia 355', 41950, 651774532, 986),
	('69146448F', 'Lluis', 'Llorens', 'Camino Vicente Aleixandre 263', 41950, 777710563, 987),
	('22129714B', 'Maria Ascension', 'Segura', 'Gran vía Horno 909', 41950, 637989245, 988),
	('15882339B', 'Tomasa', 'Zamora', 'Ronda María Zambrano 781', 41950, 698904199, 989),
	('48007490G', 'Lorenzo', 'Leal', 'Travesía de España 674', 41950, 675425784, 990),
	('27656861M', 'Maria Sagrario', 'Romero', 'Gran vía Rafael Murillo 889', 41950, 612635162, 991),
	('83250213B', 'Pablo', 'Wang', 'Cuesta Fuente 668', 41950, 652631625, 992),
	('28274645D', 'Remedios', 'Lopez', 'Corredera Miguel de Cervantes 528', 41950, 654836295, 993),
	('59538209H', 'Pilar', 'Rubio', 'Vereda Miguel Hernández 195', 41950, 600686336, 994),
	('79100774W', 'Gorka', 'Pozo', 'Corredera Rafael Alberti 276', 41950, 600104925, 995),
	('15381964R', 'Gorka', 'Barrios', 'Cuesta María Zambrano 890', 41950, 690996414, 996),
	('19066742H', 'Jose Joaquin', 'Serna', 'Pasaje Horno 186', 41950, 633932791, 997),
	('20024404Y', 'Victoria', 'Del Pozo', 'Callejón San Pedro 705', 41950, 617014755, 998),
	('87395087D', 'Gheorghe', 'Alcalde', 'Corredera Santa Ana 695', 41950, 629949353, 999),
	('83822687S', 'Fermin', 'Canovas', 'Paseo Catalunya 705', 41950, 681818572, 1000);
/*!40000 ALTER TABLE `cliente` ENABLE KEYS */;

-- Volcando estructura para tabla proyectorestaurante.codigo_postales
CREATE TABLE IF NOT EXISTS `codigo_postales` (
  `CP` int NOT NULL,
  `Localidad` varchar(50) DEFAULT NULL,
  PRIMARY KEY (`CP`),
  KEY `CP` (`CP`),
  CONSTRAINT `FK2_cod_cliente` FOREIGN KEY (`CP`) REFERENCES `restaurante` (`Cod_Postal`),
  CONSTRAINT `FK_codigo_postales_cliente` FOREIGN KEY (`CP`) REFERENCES `cliente` (`Codigo_Postal`)
) ENGINE=InnoDB DEFAULT CHARSET=utf8;

-- Volcando datos para la tabla proyectorestaurante.codigo_postales: ~103 rows (aproximadamente)
/*!40000 ALTER TABLE `codigo_postales` DISABLE KEYS */;
REPLACE INTO `codigo_postales` (`CP`, `Localidad`) VALUES
	(41001, 'Sevilla'),
	(41100, 'Coria del Río'),
	(41110, 'Bollullos de la Mitación'),
	(41111, 'Almensilla'),
	(41120, 'Gelves'),
	(41130, 'Puebla del Río (La)'),
	(41140, 'Isla Mayor'),
	(41200, 'Alcalá del Río	'),
	(41210, 'Guillena'),
	(41220, 'Burguillos'),
	(41230, 'Castilblanco de los Arroyos'),
	(41240, 'Almadén de la Plata'),
	(41250, 'Real de la Jara (El)'),
	(41309, 'Rinconada (La)	'),
	(41310, 'Brenes	'),
	(41318, 'Villaverde del Río'),
	(41320, 'Cantillana'),
	(41340, 'Tocina'),
	(41350, 'Villanueva del Río y Minas'),
	(41360, 'Pedroso (El)'),
	(41370, 'Cazalla de la Sierra'),
	(41380, 'Alanís'),
	(41388, 'San Nicolás del Puerto'),
	(41390, 'Guadalcanal'),
	(41400, 'Écija'),
	(41410, 'Carmona'),
	(41420, 'Fuentes de Andalucía'),
	(41429, 'Campana (La)'),
	(41430, 'Luisiana (La)'),
	(41439, 'Cañada Rosal'),
	(41440, 'Lora del Río'),
	(41449, 'Alcolea del Río'),
	(41450, 'Constantina'),
	(41460, 'Navas de la Concepción (Las)'),
	(41470, 'Peñaflor'),
	(41479, 'Puebla de los Infantes (La)'),
	(41500, 'Alcalá de Guadaíra'),
	(41510, 'Mairena del Alcor'),
	(41520, 'Viso del Alcor (El)'),
	(41530, 'Morón de la Frontera'),
	(41540, 'Puebla de Cazalla (La)'),
	(41560, 'Estepa'),
	(41564, 'Lora de Estepa'),
	(41565, 'Gilena'),
	(41566, 'Pedrera'),
	(41567, 'Herrer'),
	(41568, 'Rubio (El)'),
	(41569, 'Marinaleda'),
	(41570, 'Badolatosa	'),
	(41580, 'Casariche'),
	(41590, 'Roda de Andalucía (La)'),
	(41610, 'Paradas'),
	(41620, 'Marchena'),
	(41630, 'Lantejuela (La)'),
	(41640, 'Osuna'),
	(41650, 'Saucejo (El)'),
	(41657, 'Corrales (Los)'),
	(41658, 'Martín de la Jara'),
	(41660, 'Villanueva de San Juan'),
	(41661, 'Algámitas'),
	(41670, 'Pruna'),
	(41700, 'Dos Hermanas'),
	(41710, 'Utrera'),
	(41720, 'Palacios y Villafranca (Los)'),
	(41730, 'Cabezas de San Juan (Las)'),
	(41740, 'Lebrija'),
	(41749, 'Cuervo de Sevilla (El)'),
	(41750, 'Molares (Los)	'),
	(41760, 'Coronil (El)'),
	(41770, 'Montellano'),
	(41780, 'Coripe'),
	(41800, 'Sanlúcar la Mayor'),
	(41804, 'Olivares'),
	(41805, 'Benacazón'),
	(41806, 'Umbrete'),
	(41807, 'Espartinas'),
	(41808, 'Villanueva del Ariscal'),
	(41809, 'Albaida del Aljarafe'),
	(41810, 'Castilleja del Campo'),
	(41820, 'Carrión de los Céspedes'),
	(41830, 'Huévar del Aljarafe'),
	(41840, 'Pilas'),
	(41849, 'Aznalcázar'),
	(41850, 'Villamanrique de la Condesa'),
	(41860, 'Gerena'),
	(41870, 'Aznalcóllar'),
	(41880, 'Ronquillo (El)'),
	(41888, 'Garrobo (El)'),
	(41890, 'Castillo de las Guardas (El)'),
	(41897, 'Madroño (El)'),
	(41900, 'Camas'),
	(41907, 'Valencina de la Concepción'),
	(41908, 'Castilleja de Guzmán'),
	(41909, 'Salteras'),
	(41910, 'Tomares'),
	(41920, 'San Juan de Aznalfarache'),
	(41927, 'Mairena del Aljarafe'),
	(41928, 'Palomares del Río'),
	(41930, 'Bormujos'),
	(41940, 'Tomares'),
	(41950, 'Castilleja de la Cuesta'),
	(41960, 'Gines'),
	(41970, 'Santiponce'),
	(41980, 'Algaba (La)');
/*!40000 ALTER TABLE `codigo_postales` ENABLE KEYS */;

-- Volcando estructura para función proyectorestaurante.descripcionPlato
DELIMITER //
CREATE FUNCTION `descripcionPlato`(num INT) RETURNS varchar(200) CHARSET utf8
    DETERMINISTIC
    COMMENT 'Nos devuelve el plato y la categoría del codigo que hemnos introducido'
BEGIN
DECLARE cadena VARCHAR(200);
   SELECT DISTINCT(CONCAT(p.Descripcion," de la categoria ",p.Categoria)) INTO cadena  
	FROM platos p
	WHERE p.Cod_Platos=num;
	
	RETURN cadena;

END//
DELIMITER ;

-- Volcando estructura para tabla proyectorestaurante.descuentos
CREATE TABLE IF NOT EXISTS `descuentos` (
  `Cod_Descuento` int NOT NULL,
  `Dia` varchar(45) DEFAULT NULL,
  `Porcentaje_Descuento` int DEFAULT NULL,
  PRIMARY KEY (`Cod_Descuento`)
) ENGINE=InnoDB DEFAULT CHARSET=utf8;

-- Volcando datos para la tabla proyectorestaurante.descuentos: ~5 rows (aproximadamente)
/*!40000 ALTER TABLE `descuentos` DISABLE KEYS */;
REPLACE INTO `descuentos` (`Cod_Descuento`, `Dia`, `Porcentaje_Descuento`) VALUES
	(1, 'MARTES', 20),
	(2, 'MIERCOLES', 15),
	(3, 'JUEVES', 10),
	(4, 'VIERNES', 5),
	(5, 'SABADO Y DOMINGO', 0);
/*!40000 ALTER TABLE `descuentos` ENABLE KEYS */;

-- Volcando estructura para tabla proyectorestaurante.horarios
CREATE TABLE IF NOT EXISTS `horarios` (
  `DIa` varchar(20) NOT NULL,
  `Hora_apertura` varchar(45) DEFAULT NULL,
  `Hora_cierre` varchar(45) DEFAULT NULL,
  `Restaurante_Cod_Restaurante` int NOT NULL,
  PRIMARY KEY (`DIa`,`Restaurante_Cod_Restaurante`),
  KEY `fk_Horarios_Restaurante1_idx` (`Restaurante_Cod_Restaurante`),
  CONSTRAINT `fk_Horarios_Restaurante1` FOREIGN KEY (`Restaurante_Cod_Restaurante`) REFERENCES `restaurante` (`Cod_Restaurante`)
) ENGINE=InnoDB DEFAULT CHARSET=utf8;

-- Volcando datos para la tabla proyectorestaurante.horarios: ~30 rows (aproximadamente)
/*!40000 ALTER TABLE `horarios` DISABLE KEYS */;
REPLACE INTO `horarios` (`DIa`, `Hora_apertura`, `Hora_cierre`, `Restaurante_Cod_Restaurante`) VALUES
	('Domingo', '12:00', '23:00', 1),
	('Domingo', '12:00', '23:00', 2),
	('Domingo', '12:00', '23:00', 3),
	('Domingo', '12:00', '23:00', 4),
	('Domingo', '12:00', '23:00', 5),
	('Jueves', '12:00', '23:00', 1),
	('Jueves', '12:00', '23:00', 2),
	('Jueves', '12:00', '23:00', 3),
	('Jueves', '12:00', '23:00', 4),
	('Jueves', '12:00', '23:00', 5),
	('Martes', '12:00', '23:00', 1),
	('Martes', '12:00', '23:00', 2),
	('Martes', '12:00', '23:00', 3),
	('Martes', '12:00', '23:00', 4),
	('Martes', '12:00', '23:00', 5),
	('Miercoles', '12:00', '23:00', 1),
	('Miercoles', '12:00', '23:00', 2),
	('Miercoles', '12:00', '23:00', 3),
	('Miercoles', '12:00', '23:00', 4),
	('Miercoles', '12:00', '23:00', 5),
	('Sabado', '12:00', '23:00', 1),
	('Sabado', '12:00', '23:00', 2),
	('Sabado', '12:00', '23:00', 3),
	('Sabado', '12:00', '23:00', 4),
	('Sabado', '12:00', '23:00', 5),
	('Viernes', '12:00', '23:00', 1),
	('Viernes', '12:00', '23:00', 2),
	('Viernes', '12:00', '23:00', 3),
	('Viernes', '12:00', '23:00', 4),
	('Viernes', '12:00', '23:00', 5);
/*!40000 ALTER TABLE `horarios` ENABLE KEYS */;

-- Volcando estructura para procedimiento proyectorestaurante.localidadClientes
DELIMITER //
CREATE PROCEDURE `localidadClientes`(localidad VARCHAR(50))
BEGIN
    SELECT * 
    FROM cliente c
    WHERE c.Localidad = localidad;
END//
DELIMITER ;

-- Volcando estructura para procedimiento proyectorestaurante.obtenerEstadoDePedido
DELIMITER //
CREATE PROCEDURE `obtenerEstadoDePedido`(estado VARCHAR(50))
BEGIN
    SELECT * 
    FROM pedidos p
    WHERE p.Estado = estado;
END//
DELIMITER ;

-- Volcando estructura para tabla proyectorestaurante.pedidos
CREATE TABLE IF NOT EXISTS `pedidos` (
  `Codigo_Pedidos` int NOT NULL AUTO_INCREMENT,
  `Estado` enum('Devuelto','Entregado','Preparando') CHARACTER SET utf8 COLLATE utf8_general_ci NOT NULL,
  `Fecha` date NOT NULL,
  `Descuentos_Cod_Descuento` int NOT NULL,
  `Cliente_Cod_Cliente` int NOT NULL,
  `Restaurante_Cod_Restaurante` int DEFAULT NULL,
  PRIMARY KEY (`Codigo_Pedidos`),
  KEY `fk_Pedidos_Descuentos1_idx` (`Descuentos_Cod_Descuento`),
  KEY `fk_Pedidos_Cliente1_idx` (`Cliente_Cod_Cliente`),
  KEY `fk_Pedidos_Restaurante1_idx` (`Restaurante_Cod_Restaurante`),
  CONSTRAINT `fk_Pedidos_Cliente1` FOREIGN KEY (`Cliente_Cod_Cliente`) REFERENCES `cliente` (`Cod_Cliente`),
  CONSTRAINT `fk_Pedidos_Descuentos1` FOREIGN KEY (`Descuentos_Cod_Descuento`) REFERENCES `descuentos` (`Cod_Descuento`),
  CONSTRAINT `fk_Pedidos_Restaurante1` FOREIGN KEY (`Restaurante_Cod_Restaurante`) REFERENCES `restaurante` (`Cod_Restaurante`)
) ENGINE=InnoDB AUTO_INCREMENT=1001 DEFAULT CHARSET=utf8;

-- Volcando datos para la tabla proyectorestaurante.pedidos: ~1.000 rows (aproximadamente)
/*!40000 ALTER TABLE `pedidos` DISABLE KEYS */;
REPLACE INTO `pedidos` (`Codigo_Pedidos`, `Estado`, `Fecha`, `Descuentos_Cod_Descuento`, `Cliente_Cod_Cliente`, `Restaurante_Cod_Restaurante`) VALUES
	(1, 'Devuelto', '2021-03-01', 2, 647, 1),
	(2, 'Devuelto', '2021-03-02', 5, 998, 1),
	(3, 'Entregado', '2021-03-01', 5, 713, 5),
	(4, 'Preparando', '2021-03-01', 4, 216, 3),
	(5, 'Devuelto', '2021-03-01', 4, 33, 1),
	(6, 'Preparando', '2021-03-02', 5, 627, 5),
	(7, 'Preparando', '2021-03-01', 1, 694, 2),
	(8, 'Entregado', '2021-03-01', 4, 598, 4),
	(9, 'Preparando', '2021-03-01', 3, 198, 1),
	(10, 'Devuelto', '2021-03-01', 4, 536, 5),
	(11, 'Preparando', '2021-03-01', 3, 432, 2),
	(12, 'Preparando', '2021-03-01', 2, 788, 2),
	(13, 'Entregado', '2021-03-02', 2, 460, 1),
	(14, 'Entregado', '2021-03-02', 1, 538, 5),
	(15, 'Entregado', '2021-03-02', 3, 150, 4),
	(16, 'Preparando', '2021-03-02', 3, 255, 2),
	(17, 'Devuelto', '2021-03-02', 2, 342, 2),
	(18, 'Entregado', '2021-03-02', 1, 821, 1),
	(19, 'Preparando', '2021-03-01', 1, 14, 1),
	(20, 'Preparando', '2021-03-01', 5, 630, 1),
	(21, 'Entregado', '2021-03-02', 3, 831, 3),
	(22, 'Entregado', '2021-03-01', 2, 152, 4),
	(23, 'Entregado', '2021-03-01', 2, 954, 2),
	(24, 'Devuelto', '2021-03-01', 5, 331, 4),
	(25, 'Preparando', '2021-03-01', 3, 781, 2),
	(26, 'Preparando', '2021-03-01', 1, 333, 4),
	(27, 'Preparando', '2021-03-02', 5, 273, 5),
	(28, 'Devuelto', '2021-03-02', 5, 14, 1),
	(29, 'Entregado', '2021-03-02', 2, 700, 2),
	(30, 'Entregado', '2021-03-01', 5, 261, 2),
	(31, 'Preparando', '2021-03-01', 1, 383, 1),
	(32, 'Entregado', '2021-03-01', 2, 526, 2),
	(33, 'Entregado', '2021-03-02', 3, 223, 3),
	(34, 'Preparando', '2021-03-01', 3, 34, 1),
	(35, 'Devuelto', '2021-03-02', 1, 447, 5),
	(36, 'Preparando', '2021-03-01', 4, 727, 1),
	(37, 'Devuelto', '2021-03-02', 4, 45, 3),
	(38, 'Entregado', '2021-03-01', 1, 878, 2),
	(39, 'Preparando', '2021-03-02', 4, 54, 3),
	(40, 'Devuelto', '2021-03-02', 1, 11, 5),
	(41, 'Devuelto', '2021-03-01', 3, 868, 2),
	(42, 'Preparando', '2021-03-01', 1, 318, 3),
	(43, 'Devuelto', '2021-03-01', 4, 950, 4),
	(44, 'Devuelto', '2021-03-01', 4, 176, 2),
	(45, 'Entregado', '2021-03-02', 5, 413, 4),
	(46, 'Devuelto', '2021-03-01', 5, 52, 3),
	(47, 'Entregado', '2021-03-01', 3, 762, 3),
	(48, 'Entregado', '2021-03-01', 3, 807, 1),
	(49, 'Devuelto', '2021-03-01', 3, 721, 1),
	(50, 'Preparando', '2021-03-02', 1, 938, 3),
	(51, 'Preparando', '2021-03-01', 4, 759, 3),
	(52, 'Entregado', '2021-03-01', 5, 63, 4),
	(53, 'Preparando', '2021-03-02', 5, 342, 2),
	(54, 'Devuelto', '2021-03-01', 2, 282, 1),
	(55, 'Devuelto', '2021-03-02', 1, 477, 3),
	(56, 'Preparando', '2021-03-02', 5, 881, 5),
	(57, 'Entregado', '2021-03-02', 3, 358, 5),
	(58, 'Devuelto', '2021-03-01', 1, 856, 4),
	(59, 'Devuelto', '2021-03-02', 1, 243, 4),
	(60, 'Entregado', '2021-03-02', 4, 293, 1),
	(61, 'Entregado', '2021-03-01', 5, 777, 4),
	(62, 'Devuelto', '2021-03-01', 1, 519, 2),
	(63, 'Entregado', '2021-03-02', 5, 871, 2),
	(64, 'Preparando', '2021-03-01', 5, 788, 2),
	(65, 'Entregado', '2021-03-01', 1, 637, 1),
	(66, 'Devuelto', '2021-03-01', 5, 361, 5),
	(67, 'Entregado', '2021-03-01', 3, 234, 3),
	(68, 'Entregado', '2021-03-01', 1, 33, 1),
	(69, 'Devuelto', '2021-03-01', 4, 548, 1),
	(70, 'Devuelto', '2021-03-02', 3, 488, 3),
	(71, 'Devuelto', '2021-03-02', 4, 83, 2),
	(72, 'Entregado', '2021-03-02', 4, 889, 5),
	(73, 'Preparando', '2021-03-02', 3, 658, 3),
	(74, 'Entregado', '2021-03-01', 5, 625, 5),
	(75, 'Entregado', '2021-03-02', 5, 383, 1),
	(76, 'Preparando', '2021-03-02', 1, 572, 3),
	(77, 'Entregado', '2021-03-02', 5, 721, 1),
	(78, 'Preparando', '2021-03-02', 2, 84, 2),
	(79, 'Devuelto', '2021-03-01', 2, 472, 1),
	(80, 'Entregado', '2021-03-02', 2, 519, 2),
	(81, 'Preparando', '2021-03-01', 4, 251, 2),
	(82, 'Devuelto', '2021-03-01', 3, 303, 3),
	(83, 'Preparando', '2021-03-02', 3, 761, 3),
	(84, 'Entregado', '2021-03-02', 5, 301, 3),
	(85, 'Entregado', '2021-03-01', 2, 6, 5),
	(86, 'Entregado', '2021-03-02', 4, 907, 1),
	(87, 'Preparando', '2021-03-02', 2, 893, 5),
	(88, 'Entregado', '2021-03-02', 4, 745, 3),
	(89, 'Entregado', '2021-03-02', 5, 680, 4),
	(90, 'Devuelto', '2021-03-02', 1, 814, 1),
	(91, 'Preparando', '2021-03-01', 1, 109, 1),
	(92, 'Preparando', '2021-03-02', 4, 414, 4),
	(93, 'Preparando', '2021-03-02', 4, 703, 2),
	(94, 'Preparando', '2021-03-02', 3, 183, 5),
	(95, 'Entregado', '2021-03-01', 5, 835, 3),
	(96, 'Preparando', '2021-03-02', 5, 854, 4),
	(97, 'Preparando', '2021-03-01', 2, 924, 3),
	(98, 'Preparando', '2021-03-01', 5, 679, 4),
	(99, 'Devuelto', '2021-03-01', 3, 821, 1),
	(100, 'Entregado', '2021-03-02', 2, 194, 1),
	(101, 'Preparando', '2021-03-13', 5, 663, 3),
	(102, 'Preparando', '2021-03-05', 2, 210, 1),
	(103, 'Preparando', '2021-03-15', 4, 144, 3),
	(104, 'Devuelto', '2021-03-10', 3, 170, 2),
	(105, 'Preparando', '2021-03-01', 1, 625, 5),
	(106, 'Devuelto', '2021-03-08', 3, 567, 3),
	(107, 'Devuelto', '2021-03-10', 4, 516, 2),
	(108, 'Entregado', '2021-03-10', 1, 645, 1),
	(109, 'Preparando', '2021-03-15', 2, 955, 2),
	(110, 'Entregado', '2021-03-05', 2, 327, 4),
	(111, 'Devuelto', '2021-03-17', 2, 79, 2),
	(112, 'Preparando', '2021-03-07', 1, 910, 1),
	(113, 'Devuelto', '2021-03-11', 1, 62, 4),
	(114, 'Entregado', '2021-03-06', 1, 446, 5),
	(115, 'Preparando', '2021-03-04', 3, 621, 5),
	(116, 'Devuelto', '2021-03-04', 5, 751, 3),
	(117, 'Preparando', '2021-03-01', 1, 467, 1),
	(118, 'Entregado', '2021-03-03', 4, 522, 2),
	(119, 'Entregado', '2021-03-10', 5, 695, 2),
	(120, 'Entregado', '2021-03-13', 3, 612, 2),
	(121, 'Preparando', '2021-03-06', 4, 11, 5),
	(122, 'Devuelto', '2021-03-08', 5, 253, 2),
	(123, 'Preparando', '2021-03-10', 2, 970, 5),
	(124, 'Entregado', '2021-03-09', 4, 293, 1),
	(125, 'Preparando', '2021-03-14', 4, 875, 2),
	(126, 'Preparando', '2021-03-15', 1, 750, 3),
	(127, 'Preparando', '2021-03-08', 4, 979, 5),
	(128, 'Preparando', '2021-03-02', 3, 650, 1),
	(129, 'Devuelto', '2021-03-08', 4, 96, 5),
	(130, 'Devuelto', '2021-03-14', 4, 427, 2),
	(131, 'Entregado', '2021-03-03', 1, 832, 3),
	(132, 'Preparando', '2021-03-17', 4, 853, 4),
	(133, 'Devuelto', '2021-03-13', 2, 984, 1),
	(134, 'Entregado', '2021-03-02', 2, 81, 2),
	(135, 'Devuelto', '2021-03-10', 1, 562, 1),
	(136, 'Devuelto', '2021-03-04', 3, 1, 5),
	(137, 'Devuelto', '2021-03-12', 2, 468, 1),
	(138, 'Entregado', '2021-03-01', 4, 967, 2),
	(139, 'Preparando', '2021-03-01', 1, 36, 3),
	(140, 'Devuelto', '2021-03-16', 4, 858, 4),
	(141, 'Entregado', '2021-03-17', 4, 876, 2),
	(142, 'Preparando', '2021-03-08', 4, 218, 3),
	(143, 'Devuelto', '2021-03-05', 2, 925, 3),
	(144, 'Preparando', '2021-03-10', 4, 900, 1),
	(145, 'Preparando', '2021-03-04', 4, 958, 2),
	(146, 'Preparando', '2021-03-01', 2, 524, 2),
	(147, 'Devuelto', '2021-03-10', 1, 603, 2),
	(148, 'Preparando', '2021-03-15', 5, 882, 5),
	(149, 'Preparando', '2021-03-01', 4, 958, 2),
	(150, 'Preparando', '2021-03-11', 5, 306, 3),
	(151, 'Entregado', '2021-03-06', 4, 623, 5),
	(152, 'Entregado', '2021-03-13', 2, 479, 3),
	(153, 'Devuelto', '2021-03-14', 5, 956, 2),
	(154, 'Preparando', '2021-03-07', 2, 10, 5),
	(155, 'Preparando', '2021-03-05', 5, 882, 5),
	(156, 'Devuelto', '2021-03-09', 2, 664, 3),
	(157, 'Preparando', '2021-03-09', 2, 977, 5),
	(158, 'Devuelto', '2021-03-10', 2, 227, 3),
	(159, 'Preparando', '2021-03-17', 4, 578, 3),
	(160, 'Entregado', '2021-03-16', 3, 946, 4),
	(161, 'Preparando', '2021-03-04', 5, 929, 3),
	(162, 'Entregado', '2021-03-14', 4, 939, 4),
	(163, 'Entregado', '2021-03-01', 1, 117, 1),
	(164, 'Devuelto', '2021-03-01', 1, 84, 2),
	(165, 'Preparando', '2021-03-01', 4, 600, 4),
	(166, 'Devuelto', '2021-03-04', 2, 238, 4),
	(167, 'Devuelto', '2021-03-06', 5, 32, 1),
	(168, 'Preparando', '2021-03-03', 1, 251, 2),
	(169, 'Entregado', '2021-03-14', 4, 992, 1),
	(170, 'Entregado', '2021-03-02', 3, 408, 3),
	(171, 'Devuelto', '2021-03-04', 1, 802, 5),
	(172, 'Devuelto', '2021-03-15', 2, 657, 3),
	(173, 'Preparando', '2021-03-05', 2, 530, 5),
	(174, 'Entregado', '2021-03-06', 3, 730, 1),
	(175, 'Devuelto', '2021-03-01', 2, 4, 5),
	(176, 'Entregado', '2021-03-06', 1, 153, 4),
	(177, 'Preparando', '2021-03-04', 4, 261, 2),
	(178, 'Entregado', '2021-03-14', 1, 383, 1),
	(179, 'Entregado', '2021-03-11', 3, 258, 2),
	(180, 'Preparando', '2021-03-16', 5, 315, 3),
	(181, 'Devuelto', '2021-03-13', 3, 7, 5),
	(182, 'Devuelto', '2021-03-10', 2, 218, 3),
	(183, 'Devuelto', '2021-03-01', 3, 185, 5),
	(184, 'Preparando', '2021-03-06', 1, 847, 3),
	(185, 'Entregado', '2021-03-16', 5, 676, 4),
	(186, 'Devuelto', '2021-03-01', 1, 281, 1),
	(187, 'Entregado', '2021-03-17', 5, 865, 4),
	(188, 'Entregado', '2021-03-06', 1, 34, 1),
	(189, 'Preparando', '2021-03-04', 2, 203, 1),
	(190, 'Entregado', '2021-03-14', 4, 507, 4),
	(191, 'Entregado', '2021-03-13', 3, 473, 1),
	(192, 'Entregado', '2021-03-09', 4, 883, 5),
	(193, 'Entregado', '2021-03-12', 1, 612, 2),
	(194, 'Entregado', '2021-03-02', 1, 47, 3),
	(195, 'Entregado', '2021-03-05', 5, 839, 3),
	(196, 'Devuelto', '2021-03-17', 4, 592, 4),
	(197, 'Entregado', '2021-03-10', 4, 652, 3),
	(198, 'Devuelto', '2021-03-06', 3, 903, 1),
	(199, 'Preparando', '2021-03-03', 4, 285, 1),
	(200, 'Devuelto', '2021-03-16', 3, 919, 3),
	(201, 'Entregado', '2021-03-12', 1, 476, 3),
	(202, 'Preparando', '2021-03-11', 3, 985, 1),
	(203, 'Preparando', '2021-03-05', 1, 285, 1),
	(204, 'Preparando', '2021-03-03', 5, 475, 1),
	(205, 'Preparando', '2021-03-08', 2, 892, 5),
	(206, 'Preparando', '2021-03-11', 4, 863, 4),
	(207, 'Preparando', '2021-03-03', 4, 46, 3),
	(208, 'Entregado', '2021-03-14', 5, 357, 5),
	(209, 'Devuelto', '2021-03-02', 3, 652, 3),
	(210, 'Preparando', '2021-03-10', 4, 931, 3),
	(211, 'Preparando', '2021-03-08', 2, 646, 1),
	(212, 'Preparando', '2021-03-12', 4, 84, 2),
	(213, 'Entregado', '2021-03-11', 5, 992, 1),
	(214, 'Entregado', '2021-03-09', 5, 330, 4),
	(215, 'Preparando', '2021-03-07', 3, 642, 1),
	(216, 'Devuelto', '2021-03-07', 4, 468, 1),
	(217, 'Preparando', '2021-03-13', 4, 334, 4),
	(218, 'Preparando', '2021-03-10', 2, 355, 5),
	(219, 'Preparando', '2021-03-10', 5, 287, 1),
	(220, 'Preparando', '2021-03-05', 3, 496, 3),
	(221, 'Preparando', '2021-03-07', 4, 427, 2),
	(222, 'Entregado', '2021-03-06', 1, 344, 2),
	(223, 'Preparando', '2021-03-12', 5, 409, 3),
	(224, 'Preparando', '2021-03-02', 3, 473, 1),
	(225, 'Preparando', '2021-03-03', 4, 263, 2),
	(226, 'Devuelto', '2021-03-11', 5, 496, 3),
	(227, 'Devuelto', '2021-03-11', 4, 543, 1),
	(228, 'Preparando', '2021-03-04', 5, 752, 3),
	(229, 'Entregado', '2021-03-11', 2, 438, 2),
	(230, 'Entregado', '2021-03-13', 5, 517, 2),
	(231, 'Preparando', '2021-03-13', 5, 621, 5),
	(232, 'Preparando', '2021-03-04', 2, 262, 2),
	(233, 'Entregado', '2021-03-17', 1, 225, 3),
	(234, 'Preparando', '2021-03-14', 3, 874, 2),
	(235, 'Devuelto', '2021-03-14', 2, 455, 1),
	(236, 'Devuelto', '2021-03-04', 1, 738, 1),
	(237, 'Preparando', '2021-03-09', 1, 612, 2),
	(238, 'Preparando', '2021-03-11', 4, 223, 3),
	(239, 'Entregado', '2021-03-08', 2, 547, 1),
	(240, 'Preparando', '2021-03-12', 5, 230, 3),
	(241, 'Preparando', '2021-03-17', 5, 213, 3),
	(242, 'Entregado', '2021-03-16', 1, 64, 4),
	(243, 'Preparando', '2021-03-09', 5, 692, 2),
	(244, 'Entregado', '2021-03-06', 1, 160, 4),
	(245, 'Entregado', '2021-03-07', 1, 649, 1),
	(246, 'Devuelto', '2021-03-06', 3, 104, 1),
	(247, 'Preparando', '2021-03-09', 1, 471, 1),
	(248, 'Entregado', '2021-03-16', 4, 931, 3),
	(249, 'Devuelto', '2021-03-07', 2, 558, 1),
	(250, 'Entregado', '2021-03-15', 3, 834, 3),
	(251, 'Entregado', '2021-03-08', 2, 242, 4),
	(252, 'Entregado', '2021-03-02', 1, 551, 1),
	(253, 'Preparando', '2021-03-07', 5, 840, 3),
	(254, 'Entregado', '2021-03-01', 5, 732, 1),
	(255, 'Entregado', '2021-03-14', 1, 343, 2),
	(256, 'Entregado', '2021-03-05', 2, 465, 1),
	(257, 'Devuelto', '2021-03-15', 5, 588, 4),
	(258, 'Preparando', '2021-03-03', 5, 554, 1),
	(259, 'Devuelto', '2021-03-13', 2, 345, 2),
	(260, 'Preparando', '2021-03-06', 4, 225, 3),
	(261, 'Devuelto', '2021-03-15', 4, 436, 2),
	(262, 'Preparando', '2021-03-08', 4, 562, 1),
	(263, 'Preparando', '2021-03-11', 5, 541, 5),
	(264, 'Preparando', '2021-03-11', 4, 540, 5),
	(265, 'Entregado', '2021-03-17', 2, 915, 1),
	(266, 'Preparando', '2021-03-08', 5, 832, 3),
	(267, 'Devuelto', '2021-03-17', 4, 554, 1),
	(268, 'Devuelto', '2021-03-08', 2, 114, 1),
	(269, 'Preparando', '2021-03-13', 5, 302, 3),
	(270, 'Entregado', '2021-03-11', 3, 350, 2),
	(271, 'Preparando', '2021-03-12', 3, 641, 1),
	(272, 'Entregado', '2021-03-02', 2, 122, 1),
	(273, 'Preparando', '2021-03-12', 5, 66, 4),
	(274, 'Preparando', '2021-03-13', 4, 112, 1),
	(275, 'Preparando', '2021-03-10', 2, 978, 5),
	(276, 'Entregado', '2021-03-09', 2, 889, 5),
	(277, 'Preparando', '2021-03-02', 1, 597, 4),
	(278, 'Entregado', '2021-03-06', 2, 265, 5),
	(279, 'Devuelto', '2021-03-05', 3, 224, 3),
	(280, 'Devuelto', '2021-03-15', 4, 931, 3),
	(281, 'Entregado', '2021-03-13', 4, 518, 2),
	(282, 'Devuelto', '2021-03-12', 3, 505, 4),
	(283, 'Entregado', '2021-03-08', 4, 905, 1),
	(284, 'Devuelto', '2021-03-05', 4, 603, 2),
	(285, 'Entregado', '2021-03-03', 4, 717, 5),
	(286, 'Entregado', '2021-03-09', 5, 514, 2),
	(287, 'Preparando', '2021-03-01', 2, 512, 4),
	(288, 'Devuelto', '2021-03-09', 3, 875, 2),
	(289, 'Preparando', '2021-03-16', 5, 609, 2),
	(290, 'Entregado', '2021-03-08', 4, 898, 1),
	(291, 'Preparando', '2021-03-17', 5, 157, 4),
	(292, 'Devuelto', '2021-03-07', 1, 754, 3),
	(293, 'Entregado', '2021-03-13', 1, 429, 2),
	(294, 'Devuelto', '2021-03-03', 5, 380, 1),
	(295, 'Entregado', '2021-03-05', 2, 921, 3),
	(296, 'Devuelto', '2021-03-09', 4, 569, 3),
	(297, 'Preparando', '2021-03-03', 3, 510, 4),
	(298, 'Preparando', '2021-03-09', 4, 847, 3),
	(299, 'Devuelto', '2021-03-03', 5, 275, 5),
	(300, 'Entregado', '2021-03-11', 1, 954, 2),
	(301, 'Preparando', '2021-03-12', 5, 65, 4),
	(302, 'Preparando', '2021-03-01', 1, 887, 5),
	(303, 'Entregado', '2021-03-05', 4, 162, 2),
	(304, 'Entregado', '2021-03-09', 2, 638, 1),
	(305, 'Preparando', '2021-03-17', 2, 130, 3),
	(306, 'Entregado', '2021-03-10', 5, 91, 5),
	(307, 'Entregado', '2021-03-15', 4, 933, 3),
	(308, 'Preparando', '2021-03-02', 5, 232, 3),
	(309, 'Entregado', '2021-03-01', 1, 498, 3),
	(310, 'Entregado', '2021-03-06', 5, 2, 5),
	(311, 'Preparando', '2021-03-06', 1, 542, 1),
	(312, 'Preparando', '2021-03-08', 1, 540, 5),
	(313, 'Entregado', '2021-03-06', 5, 483, 3),
	(314, 'Preparando', '2021-03-04', 2, 733, 1),
	(315, 'Entregado', '2021-03-02', 5, 894, 1),
	(316, 'Entregado', '2021-03-03', 1, 364, 5),
	(317, 'Entregado', '2021-03-01', 2, 274, 5),
	(318, 'Entregado', '2021-03-01', 5, 332, 4),
	(319, 'Preparando', '2021-03-11', 2, 141, 3),
	(320, 'Preparando', '2021-03-07', 3, 744, 3),
	(321, 'Preparando', '2021-03-07', 1, 573, 3),
	(322, 'Preparando', '2021-03-08', 1, 521, 2),
	(323, 'Entregado', '2021-03-08', 2, 997, 1),
	(324, 'Entregado', '2021-03-07', 2, 219, 3),
	(325, 'Entregado', '2021-03-14', 5, 30, 1),
	(326, 'Preparando', '2021-03-09', 3, 388, 3),
	(327, 'Entregado', '2021-03-07', 3, 394, 3),
	(328, 'Preparando', '2021-03-17', 1, 100, 5),
	(329, 'Entregado', '2021-03-08', 4, 674, 3),
	(330, 'Preparando', '2021-03-03', 3, 985, 1),
	(331, 'Preparando', '2021-03-08', 1, 513, 4),
	(332, 'Entregado', '2021-03-15', 3, 114, 1),
	(333, 'Preparando', '2021-03-11', 3, 882, 5),
	(334, 'Preparando', '2021-03-02', 2, 868, 2),
	(335, 'Entregado', '2021-03-03', 5, 430, 2),
	(336, 'Entregado', '2021-03-17', 1, 197, 1),
	(337, 'Preparando', '2021-03-11', 1, 931, 3),
	(338, 'Entregado', '2021-03-14', 1, 51, 3),
	(339, 'Entregado', '2021-03-09', 4, 304, 3),
	(340, 'Preparando', '2021-03-15', 2, 930, 3),
	(341, 'Entregado', '2021-03-13', 5, 252, 2),
	(342, 'Entregado', '2021-03-14', 5, 631, 1),
	(343, 'Preparando', '2021-03-01', 4, 944, 4),
	(344, 'Preparando', '2021-03-11', 5, 881, 5),
	(345, 'Entregado', '2021-03-07', 5, 583, 3),
	(346, 'Preparando', '2021-03-05', 2, 490, 3),
	(347, 'Entregado', '2021-03-12', 2, 920, 3),
	(348, 'Preparando', '2021-03-05', 5, 814, 1),
	(349, 'Preparando', '2021-03-01', 1, 672, 3),
	(350, 'Preparando', '2021-03-15', 1, 425, 4),
	(351, 'Preparando', '2021-03-08', 2, 934, 3),
	(352, 'Preparando', '2021-03-03', 4, 482, 3),
	(353, 'Preparando', '2021-03-11', 3, 183, 5),
	(354, 'Preparando', '2021-03-10', 2, 149, 4),
	(355, 'Entregado', '2021-03-09', 3, 75, 2),
	(356, 'Entregado', '2021-03-14', 5, 667, 3),
	(357, 'Preparando', '2021-03-16', 2, 809, 1),
	(358, 'Preparando', '2021-03-13', 5, 919, 3),
	(359, 'Entregado', '2021-03-16', 2, 666, 3),
	(360, 'Preparando', '2021-03-10', 1, 477, 3),
	(361, 'Entregado', '2021-03-01', 1, 520, 2),
	(362, 'Preparando', '2021-03-12', 1, 339, 2),
	(363, 'Entregado', '2021-03-08', 2, 189, 5),
	(364, 'Preparando', '2021-03-15', 2, 196, 1),
	(365, 'Preparando', '2021-03-05', 5, 916, 3),
	(366, 'Entregado', '2021-03-11', 3, 807, 1),
	(367, 'Preparando', '2021-03-07', 1, 839, 3),
	(368, 'Entregado', '2021-03-08', 4, 218, 3),
	(369, 'Preparando', '2021-03-09', 3, 490, 3),
	(370, 'Entregado', '2021-03-04', 2, 740, 3),
	(371, 'Entregado', '2021-03-09', 2, 594, 4),
	(372, 'Preparando', '2021-03-05', 3, 388, 3),
	(373, 'Entregado', '2021-03-02', 2, 42, 3),
	(374, 'Entregado', '2021-03-09', 1, 65, 4),
	(375, 'Preparando', '2021-03-08', 1, 580, 3),
	(376, 'Preparando', '2021-03-10', 5, 782, 2),
	(377, 'Preparando', '2021-03-08', 1, 990, 1),
	(378, 'Entregado', '2021-03-06', 3, 367, 1),
	(379, 'Entregado', '2021-03-17', 5, 398, 3),
	(380, 'Preparando', '2021-03-07', 4, 168, 2),
	(381, 'Preparando', '2021-03-16', 3, 463, 1),
	(382, 'Preparando', '2021-03-01', 1, 568, 3),
	(383, 'Entregado', '2021-03-03', 1, 981, 5),
	(384, 'Entregado', '2021-03-12', 2, 730, 1),
	(385, 'Preparando', '2021-03-09', 1, 236, 4),
	(386, 'Entregado', '2021-03-05', 5, 282, 1),
	(387, 'Entregado', '2021-03-01', 2, 940, 4),
	(388, 'Preparando', '2021-03-01', 3, 833, 3),
	(389, 'Preparando', '2021-03-01', 2, 774, 4),
	(390, 'Entregado', '2021-03-10', 5, 433, 2),
	(391, 'Entregado', '2021-03-14', 3, 350, 2),
	(392, 'Entregado', '2021-03-12', 3, 368, 1),
	(393, 'Entregado', '2021-03-09', 1, 485, 3),
	(394, 'Preparando', '2021-03-17', 1, 257, 2),
	(395, 'Preparando', '2021-03-09', 4, 1000, 1),
	(396, 'Preparando', '2021-03-16', 4, 36, 3),
	(397, 'Preparando', '2021-03-08', 1, 252, 2),
	(398, 'Preparando', '2021-03-12', 4, 864, 4),
	(399, 'Entregado', '2021-03-04', 5, 749, 3),
	(400, 'Preparando', '2021-03-09', 5, 933, 3),
	(401, 'Entregado', '2021-03-01', 5, 637, 1),
	(402, 'Entregado', '2021-03-03', 3, 874, 2),
	(403, 'Entregado', '2021-03-15', 3, 672, 3),
	(404, 'Entregado', '2021-03-15', 5, 924, 3),
	(405, 'Entregado', '2021-03-07', 1, 236, 4),
	(406, 'Preparando', '2021-03-01', 2, 235, 4),
	(407, 'Preparando', '2021-03-17', 5, 900, 1),
	(408, 'Entregado', '2021-03-13', 3, 240, 4),
	(409, 'Preparando', '2021-03-07', 3, 888, 5),
	(410, 'Entregado', '2021-03-09', 2, 389, 3),
	(411, 'Preparando', '2021-03-13', 4, 579, 3),
	(412, 'Preparando', '2021-03-17', 2, 114, 1),
	(413, 'Entregado', '2021-03-16', 3, 264, 2),
	(414, 'Entregado', '2021-03-10', 3, 865, 4),
	(415, 'Preparando', '2021-03-03', 2, 694, 2),
	(416, 'Entregado', '2021-03-12', 5, 281, 1),
	(417, 'Entregado', '2021-03-16', 4, 590, 4),
	(418, 'Entregado', '2021-03-03', 1, 330, 4),
	(419, 'Preparando', '2021-03-16', 2, 680, 4),
	(420, 'Entregado', '2021-03-09', 3, 147, 4),
	(421, 'Preparando', '2021-03-14', 2, 961, 2),
	(422, 'Entregado', '2021-03-02', 4, 57, 3),
	(423, 'Entregado', '2021-03-16', 2, 429, 2),
	(424, 'Entregado', '2021-03-13', 5, 946, 4),
	(425, 'Entregado', '2021-03-14', 1, 989, 1),
	(426, 'Entregado', '2021-03-14', 3, 333, 4),
	(427, 'Entregado', '2021-03-14', 4, 227, 3),
	(428, 'Preparando', '2021-03-10', 4, 346, 2),
	(429, 'Entregado', '2021-03-08', 1, 710, 5),
	(430, 'Entregado', '2021-03-12', 4, 150, 4),
	(431, 'Preparando', '2021-03-16', 5, 252, 2),
	(432, 'Preparando', '2021-03-11', 1, 969, 5),
	(433, 'Entregado', '2021-03-10', 5, 116, 1),
	(434, 'Entregado', '2021-03-03', 2, 601, 4),
	(435, 'Entregado', '2021-03-10', 5, 50, 3),
	(436, 'Preparando', '2021-03-12', 2, 80, 2),
	(437, 'Entregado', '2021-03-06', 3, 796, 5),
	(438, 'Entregado', '2021-03-16', 3, 51, 3),
	(439, 'Preparando', '2021-03-13', 3, 520, 2),
	(440, 'Preparando', '2021-03-17', 4, 617, 5),
	(441, 'Preparando', '2021-03-17', 2, 275, 5),
	(442, 'Entregado', '2021-03-06', 5, 168, 2),
	(443, 'Preparando', '2021-03-17', 2, 647, 1),
	(444, 'Entregado', '2021-03-06', 5, 301, 3),
	(445, 'Entregado', '2021-03-03', 5, 188, 5),
	(446, 'Preparando', '2021-03-17', 5, 132, 3),
	(447, 'Preparando', '2021-03-04', 4, 589, 4),
	(448, 'Entregado', '2021-03-11', 4, 584, 3),
	(449, 'Preparando', '2021-03-16', 2, 626, 5),
	(450, 'Preparando', '2021-03-10', 5, 260, 2),
	(451, 'Entregado', '2021-03-17', 5, 311, 3),
	(452, 'Entregado', '2021-03-14', 2, 614, 2),
	(453, 'Preparando', '2021-03-05', 1, 340, 2),
	(454, 'Preparando', '2021-03-01', 4, 221, 3),
	(455, 'Preparando', '2021-03-12', 1, 531, 5),
	(456, 'Preparando', '2021-03-15', 1, 344, 2),
	(457, 'Preparando', '2021-03-01', 3, 671, 3),
	(458, 'Entregado', '2021-03-02', 1, 714, 5),
	(459, 'Entregado', '2021-03-07', 1, 509, 4),
	(460, 'Entregado', '2021-03-17', 5, 782, 2),
	(461, 'Entregado', '2021-03-13', 1, 521, 2),
	(462, 'Entregado', '2021-03-14', 5, 494, 3),
	(463, 'Preparando', '2021-03-04', 3, 955, 2),
	(464, 'Entregado', '2021-03-15', 3, 483, 3),
	(465, 'Preparando', '2021-03-08', 5, 363, 5),
	(466, 'Preparando', '2021-03-12', 4, 141, 3),
	(467, 'Entregado', '2021-03-17', 1, 923, 3),
	(468, 'Entregado', '2021-03-13', 4, 591, 4),
	(469, 'Entregado', '2021-03-05', 4, 192, 1),
	(470, 'Preparando', '2021-03-09', 3, 580, 3),
	(471, 'Preparando', '2021-03-08', 3, 588, 4),
	(472, 'Entregado', '2021-03-10', 4, 831, 3),
	(473, 'Preparando', '2021-03-17', 1, 305, 3),
	(474, 'Entregado', '2021-03-11', 3, 634, 1),
	(475, 'Preparando', '2021-03-09', 1, 834, 3),
	(476, 'Entregado', '2021-03-03', 1, 830, 3),
	(477, 'Preparando', '2021-03-15', 3, 139, 3),
	(478, 'Entregado', '2021-03-10', 5, 958, 2),
	(479, 'Entregado', '2021-03-08', 1, 599, 4),
	(480, 'Entregado', '2021-03-10', 5, 177, 5),
	(481, 'Preparando', '2021-03-14', 3, 233, 3),
	(482, 'Entregado', '2021-03-13', 2, 124, 3),
	(483, 'Entregado', '2021-03-11', 1, 7, 5),
	(484, 'Entregado', '2021-03-06', 5, 13, 5),
	(485, 'Preparando', '2021-03-04', 5, 48, 3),
	(486, 'Preparando', '2021-03-02', 5, 974, 5),
	(487, 'Entregado', '2021-03-13', 3, 580, 3),
	(488, 'Preparando', '2021-03-12', 3, 306, 3),
	(489, 'Entregado', '2021-03-15', 1, 867, 2),
	(490, 'Entregado', '2021-03-06', 3, 888, 5),
	(491, 'Preparando', '2021-03-16', 4, 454, 1),
	(492, 'Entregado', '2021-03-08', 3, 572, 3),
	(493, 'Entregado', '2021-03-06', 5, 487, 3),
	(494, 'Preparando', '2021-03-10', 3, 193, 1),
	(495, 'Entregado', '2021-03-08', 4, 249, 4),
	(496, 'Preparando', '2021-03-04', 4, 957, 2),
	(497, 'Preparando', '2021-03-02', 2, 14, 1),
	(498, 'Entregado', '2021-03-11', 3, 781, 2),
	(499, 'Entregado', '2021-03-13', 1, 518, 2),
	(500, 'Preparando', '2021-03-09', 2, 385, 1),
	(501, 'Preparando', '2021-03-15', 5, 955, 2),
	(502, 'Preparando', '2021-03-17', 5, 478, 3),
	(503, 'Preparando', '2021-03-07', 3, 417, 4),
	(504, 'Preparando', '2021-03-14', 4, 191, 1),
	(505, 'Entregado', '2021-03-05', 4, 541, 5),
	(506, 'Preparando', '2021-03-02', 1, 811, 1),
	(507, 'Entregado', '2021-03-16', 4, 902, 1),
	(508, 'Entregado', '2021-03-15', 2, 944, 4),
	(509, 'Preparando', '2021-03-07', 2, 640, 1),
	(510, 'Entregado', '2021-03-16', 5, 550, 1),
	(511, 'Entregado', '2021-03-03', 4, 657, 3),
	(512, 'Entregado', '2021-03-11', 1, 446, 5),
	(513, 'Preparando', '2021-03-11', 2, 625, 5),
	(514, 'Entregado', '2021-03-09', 4, 880, 2),
	(515, 'Preparando', '2021-03-05', 3, 520, 2),
	(516, 'Entregado', '2021-03-05', 1, 11, 5),
	(517, 'Entregado', '2021-03-15', 2, 60, 4),
	(518, 'Preparando', '2021-03-01', 5, 152, 4),
	(519, 'Preparando', '2021-03-02', 2, 183, 5),
	(520, 'Preparando', '2021-03-02', 4, 745, 3),
	(521, 'Preparando', '2021-03-01', 5, 738, 1),
	(522, 'Preparando', '2021-03-15', 2, 997, 1),
	(523, 'Entregado', '2021-03-09', 3, 562, 1),
	(524, 'Entregado', '2021-03-10', 3, 440, 2),
	(525, 'Entregado', '2021-03-10', 1, 718, 1),
	(526, 'Entregado', '2021-03-14', 4, 530, 5),
	(527, 'Preparando', '2021-03-04', 4, 599, 4),
	(528, 'Preparando', '2021-03-13', 4, 340, 2),
	(529, 'Preparando', '2021-03-10', 5, 416, 4),
	(530, 'Entregado', '2021-03-14', 2, 695, 2),
	(531, 'Preparando', '2021-03-12', 1, 156, 4),
	(532, 'Preparando', '2021-03-06', 2, 629, 5),
	(533, 'Preparando', '2021-03-08', 4, 445, 5),
	(534, 'Entregado', '2021-03-14', 3, 859, 4),
	(535, 'Entregado', '2021-03-15', 3, 890, 5),
	(536, 'Entregado', '2021-03-16', 5, 507, 4),
	(537, 'Entregado', '2021-03-10', 5, 285, 1),
	(538, 'Preparando', '2021-03-15', 1, 717, 5),
	(539, 'Entregado', '2021-03-14', 5, 575, 3),
	(540, 'Entregado', '2021-03-17', 3, 472, 1),
	(541, 'Preparando', '2021-03-10', 2, 223, 3),
	(542, 'Preparando', '2021-03-17', 5, 987, 1),
	(543, 'Entregado', '2021-03-01', 2, 74, 2),
	(544, 'Preparando', '2021-03-15', 5, 738, 1),
	(545, 'Preparando', '2021-03-07', 1, 970, 5),
	(546, 'Entregado', '2021-03-08', 4, 999, 1),
	(547, 'Entregado', '2021-03-16', 5, 63, 4),
	(548, 'Entregado', '2021-03-15', 3, 490, 3),
	(549, 'Preparando', '2021-03-12', 1, 106, 1),
	(550, 'Preparando', '2021-03-03', 1, 46, 3),
	(551, 'Preparando', '2021-03-05', 3, 773, 4),
	(552, 'Entregado', '2021-03-07', 3, 918, 3),
	(553, 'Preparando', '2021-03-15', 1, 315, 3),
	(554, 'Entregado', '2021-03-02', 2, 198, 1),
	(555, 'Entregado', '2021-03-02', 1, 393, 3),
	(556, 'Preparando', '2021-03-15', 5, 233, 3),
	(557, 'Entregado', '2021-03-16', 3, 145, 3),
	(558, 'Entregado', '2021-03-15', 5, 901, 1),
	(559, 'Preparando', '2021-03-07', 3, 592, 4),
	(560, 'Preparando', '2021-03-17', 4, 138, 3),
	(561, 'Preparando', '2021-03-10', 1, 384, 1),
	(562, 'Preparando', '2021-03-02', 1, 331, 4),
	(563, 'Entregado', '2021-03-06', 1, 167, 2),
	(564, 'Entregado', '2021-03-01', 4, 832, 3),
	(565, 'Preparando', '2021-03-11', 2, 553, 1),
	(566, 'Preparando', '2021-03-13', 4, 374, 1),
	(567, 'Preparando', '2021-03-04', 2, 93, 5),
	(568, 'Entregado', '2021-03-01', 2, 905, 1),
	(569, 'Preparando', '2021-03-02', 2, 385, 1),
	(570, 'Preparando', '2021-03-16', 4, 781, 2),
	(571, 'Entregado', '2021-03-17', 2, 405, 3),
	(572, 'Entregado', '2021-03-17', 2, 182, 5),
	(573, 'Preparando', '2021-03-10', 5, 649, 1),
	(574, 'Entregado', '2021-03-14', 5, 774, 4),
	(575, 'Entregado', '2021-03-03', 2, 183, 5),
	(576, 'Preparando', '2021-03-03', 2, 245, 4),
	(577, 'Preparando', '2021-03-06', 2, 358, 5),
	(578, 'Entregado', '2021-03-14', 1, 443, 5),
	(579, 'Entregado', '2021-03-13', 3, 449, 5),
	(580, 'Entregado', '2021-03-09', 2, 43, 3),
	(581, 'Preparando', '2021-03-04', 2, 928, 3),
	(582, 'Preparando', '2021-03-11', 4, 469, 1),
	(583, 'Preparando', '2021-03-01', 5, 469, 1),
	(584, 'Preparando', '2021-03-11', 5, 986, 1),
	(585, 'Preparando', '2021-03-17', 4, 944, 4),
	(586, 'Preparando', '2021-03-06', 2, 922, 3),
	(587, 'Preparando', '2021-03-01', 5, 31, 1),
	(588, 'Preparando', '2021-03-14', 5, 375, 1),
	(589, 'Preparando', '2021-03-13', 3, 179, 5),
	(590, 'Preparando', '2021-03-17', 2, 164, 2),
	(591, 'Preparando', '2021-03-10', 1, 72, 4),
	(592, 'Entregado', '2021-03-06', 5, 562, 1),
	(593, 'Preparando', '2021-03-16', 3, 937, 3),
	(594, 'Entregado', '2021-03-15', 3, 96, 5),
	(595, 'Entregado', '2021-03-06', 1, 44, 3),
	(596, 'Entregado', '2021-03-11', 4, 573, 3),
	(597, 'Entregado', '2021-03-11', 4, 457, 1),
	(598, 'Preparando', '2021-03-09', 2, 162, 2),
	(599, 'Entregado', '2021-03-04', 4, 572, 3),
	(600, 'Preparando', '2021-03-03', 2, 574, 3),
	(601, 'Entregado', '2021-03-15', 4, 39, 3),
	(602, 'Entregado', '2021-03-04', 4, 490, 3),
	(603, 'Entregado', '2021-03-15', 4, 235, 4),
	(604, 'Entregado', '2021-03-11', 2, 761, 3),
	(605, 'Entregado', '2021-03-09', 4, 742, 3),
	(606, 'Entregado', '2021-03-01', 1, 1000, 1),
	(607, 'Entregado', '2021-03-07', 1, 314, 3),
	(608, 'Entregado', '2021-03-14', 4, 418, 4),
	(609, 'Entregado', '2021-03-09', 5, 63, 4),
	(610, 'Entregado', '2021-03-16', 2, 894, 1),
	(611, 'Entregado', '2021-03-05', 2, 298, 1),
	(612, 'Entregado', '2021-03-01', 3, 224, 3),
	(613, 'Entregado', '2021-03-13', 4, 753, 3),
	(614, 'Entregado', '2021-03-16', 1, 128, 3),
	(615, 'Entregado', '2021-03-16', 1, 189, 5),
	(616, 'Entregado', '2021-03-17', 2, 265, 5),
	(617, 'Entregado', '2021-03-11', 4, 377, 1),
	(618, 'Entregado', '2021-03-13', 3, 64, 4),
	(619, 'Entregado', '2021-03-10', 1, 283, 1),
	(620, 'Entregado', '2021-03-04', 3, 758, 3),
	(621, 'Entregado', '2021-03-17', 4, 497, 3),
	(622, 'Entregado', '2021-03-03', 5, 229, 3),
	(623, 'Entregado', '2021-03-06', 4, 177, 5),
	(624, 'Entregado', '2021-03-12', 5, 387, 1),
	(625, 'Entregado', '2021-03-12', 3, 626, 5),
	(626, 'Entregado', '2021-03-10', 2, 840, 3),
	(627, 'Entregado', '2021-03-16', 1, 115, 1),
	(628, 'Entregado', '2021-03-17', 1, 293, 1),
	(629, 'Entregado', '2021-03-05', 5, 87, 2),
	(630, 'Entregado', '2021-03-02', 2, 637, 1),
	(631, 'Entregado', '2021-03-14', 2, 714, 5),
	(632, 'Entregado', '2021-03-15', 1, 170, 2),
	(633, 'Entregado', '2021-03-15', 1, 385, 1),
	(634, 'Entregado', '2021-03-01', 5, 271, 5),
	(635, 'Entregado', '2021-03-15', 3, 652, 3),
	(636, 'Entregado', '2021-03-16', 3, 405, 3),
	(637, 'Entregado', '2021-03-17', 1, 850, 3),
	(638, 'Entregado', '2021-03-09', 4, 530, 5),
	(639, 'Entregado', '2021-03-16', 5, 610, 2),
	(640, 'Entregado', '2021-03-01', 2, 400, 3),
	(641, 'Entregado', '2021-03-03', 1, 212, 3),
	(642, 'Entregado', '2021-03-05', 1, 699, 2),
	(643, 'Entregado', '2021-03-13', 3, 387, 1),
	(644, 'Entregado', '2021-03-14', 5, 404, 3),
	(645, 'Entregado', '2021-03-04', 2, 597, 4),
	(646, 'Entregado', '2021-03-13', 3, 767, 4),
	(647, 'Entregado', '2021-03-05', 1, 38, 3),
	(648, 'Entregado', '2021-03-07', 3, 878, 2),
	(649, 'Entregado', '2021-03-04', 4, 569, 3),
	(650, 'Entregado', '2021-03-16', 2, 130, 3),
	(651, 'Entregado', '2021-03-12', 1, 407, 3),
	(652, 'Entregado', '2021-03-14', 1, 737, 1),
	(653, 'Entregado', '2021-03-02', 2, 939, 4),
	(654, 'Entregado', '2021-03-16', 5, 159, 4),
	(655, 'Entregado', '2021-03-16', 2, 785, 2),
	(656, 'Entregado', '2021-03-01', 1, 828, 3),
	(657, 'Entregado', '2021-03-09', 3, 361, 5),
	(658, 'Entregado', '2021-03-04', 1, 767, 4),
	(659, 'Entregado', '2021-03-16', 2, 892, 5),
	(660, 'Entregado', '2021-03-17', 3, 22, 1),
	(661, 'Entregado', '2021-03-16', 3, 549, 1),
	(662, 'Entregado', '2021-03-07', 4, 347, 2),
	(663, 'Entregado', '2021-03-06', 5, 305, 3),
	(664, 'Entregado', '2021-03-16', 5, 378, 1),
	(665, 'Entregado', '2021-03-15', 3, 446, 5),
	(666, 'Entregado', '2021-03-07', 1, 359, 5),
	(667, 'Entregado', '2021-03-11', 4, 962, 2),
	(668, 'Entregado', '2021-03-12', 4, 508, 4),
	(669, 'Entregado', '2021-03-04', 1, 970, 5),
	(670, 'Entregado', '2021-03-09', 2, 812, 1),
	(671, 'Entregado', '2021-03-17', 2, 271, 5),
	(672, 'Entregado', '2021-03-13', 1, 427, 2),
	(673, 'Entregado', '2021-03-08', 3, 439, 2),
	(674, 'Entregado', '2021-03-01', 2, 330, 4),
	(675, 'Entregado', '2021-03-09', 3, 260, 2),
	(676, 'Entregado', '2021-03-17', 2, 109, 1),
	(677, 'Entregado', '2021-03-01', 5, 585, 3),
	(678, 'Entregado', '2021-03-09', 3, 421, 4),
	(679, 'Entregado', '2021-03-01', 1, 1000, 1),
	(680, 'Entregado', '2021-03-15', 5, 801, 5),
	(681, 'Entregado', '2021-03-11', 3, 101, 5),
	(682, 'Entregado', '2021-03-13', 5, 507, 4),
	(683, 'Entregado', '2021-03-13', 3, 807, 1),
	(684, 'Entregado', '2021-03-12', 1, 407, 3),
	(685, 'Entregado', '2021-03-15', 1, 964, 2),
	(686, 'Entregado', '2021-03-11', 4, 875, 2),
	(687, 'Entregado', '2021-03-04', 2, 307, 3),
	(688, 'Entregado', '2021-03-10', 4, 107, 1),
	(689, 'Entregado', '2021-03-03', 4, 175, 2),
	(690, 'Entregado', '2021-03-17', 5, 464, 1),
	(691, 'Entregado', '2021-03-04', 3, 743, 3),
	(692, 'Entregado', '2021-03-14', 1, 69, 4),
	(693, 'Entregado', '2021-03-02', 4, 895, 1),
	(694, 'Entregado', '2021-03-12', 1, 298, 1),
	(695, 'Entregado', '2021-03-04', 1, 510, 4),
	(696, 'Entregado', '2021-03-04', 4, 105, 1),
	(697, 'Entregado', '2021-03-16', 4, 3, 5),
	(698, 'Entregado', '2021-03-08', 3, 425, 4),
	(699, 'Entregado', '2021-03-12', 2, 589, 4),
	(700, 'Entregado', '2021-03-17', 2, 87, 2),
	(701, 'Entregado', '2021-03-10', 2, 669, 3),
	(702, 'Entregado', '2021-03-12', 3, 106, 1),
	(703, 'Entregado', '2021-03-17', 1, 639, 1),
	(704, 'Entregado', '2021-03-02', 3, 17, 1),
	(705, 'Entregado', '2021-03-13', 3, 391, 3),
	(706, 'Entregado', '2021-03-01', 1, 671, 3),
	(707, 'Entregado', '2021-03-01', 3, 853, 4),
	(708, 'Entregado', '2021-03-04', 4, 667, 3),
	(709, 'Entregado', '2021-03-11', 2, 313, 3),
	(710, 'Entregado', '2021-03-13', 5, 695, 2),
	(711, 'Entregado', '2021-03-03', 5, 821, 1),
	(712, 'Entregado', '2021-03-02', 3, 356, 5),
	(713, 'Entregado', '2021-03-02', 2, 282, 1),
	(714, 'Entregado', '2021-03-06', 4, 915, 1),
	(715, 'Entregado', '2021-03-08', 2, 498, 3),
	(716, 'Entregado', '2021-03-13', 2, 150, 4),
	(717, 'Entregado', '2021-03-10', 2, 766, 4),
	(718, 'Entregado', '2021-03-11', 3, 487, 3),
	(719, 'Entregado', '2021-03-03', 2, 990, 1),
	(720, 'Entregado', '2021-03-02', 2, 119, 1),
	(721, 'Entregado', '2021-03-09', 4, 972, 5),
	(722, 'Entregado', '2021-03-03', 1, 538, 5),
	(723, 'Entregado', '2021-03-08', 2, 382, 1),
	(724, 'Entregado', '2021-03-01', 2, 551, 1),
	(725, 'Entregado', '2021-03-07', 5, 934, 3),
	(726, 'Entregado', '2021-03-14', 2, 749, 3),
	(727, 'Entregado', '2021-03-03', 4, 724, 1),
	(728, 'Entregado', '2021-03-04', 3, 551, 1),
	(729, 'Entregado', '2021-03-12', 2, 15, 1),
	(730, 'Entregado', '2021-03-06', 2, 236, 4),
	(731, 'Entregado', '2021-03-13', 5, 300, 3),
	(732, 'Entregado', '2021-03-08', 5, 230, 3),
	(733, 'Entregado', '2021-03-13', 3, 212, 3),
	(734, 'Entregado', '2021-03-11', 4, 626, 5),
	(735, 'Entregado', '2021-03-10', 2, 288, 1),
	(736, 'Entregado', '2021-03-08', 3, 987, 1),
	(737, 'Entregado', '2021-03-16', 2, 669, 3),
	(738, 'Entregado', '2021-03-11', 2, 924, 3),
	(739, 'Entregado', '2021-03-15', 3, 665, 3),
	(740, 'Entregado', '2021-03-17', 1, 295, 1),
	(741, 'Entregado', '2021-03-07', 2, 128, 3),
	(742, 'Entregado', '2021-03-14', 1, 242, 4),
	(743, 'Entregado', '2021-03-17', 3, 482, 3),
	(744, 'Entregado', '2021-03-01', 1, 623, 5),
	(745, 'Entregado', '2021-03-10', 5, 988, 1),
	(746, 'Entregado', '2021-03-01', 2, 919, 3),
	(747, 'Entregado', '2021-03-16', 1, 351, 2),
	(748, 'Entregado', '2021-03-09', 3, 644, 1),
	(749, 'Entregado', '2021-03-15', 1, 475, 1),
	(750, 'Entregado', '2021-03-07', 4, 823, 1),
	(751, 'Entregado', '2021-03-10', 2, 261, 2),
	(752, 'Entregado', '2021-03-11', 4, 372, 1),
	(753, 'Entregado', '2021-03-15', 2, 959, 2),
	(754, 'Entregado', '2021-03-09', 3, 393, 3),
	(755, 'Entregado', '2021-03-04', 4, 679, 4),
	(756, 'Entregado', '2021-03-02', 3, 295, 1),
	(757, 'Entregado', '2021-03-06', 1, 309, 3),
	(758, 'Entregado', '2021-03-13', 2, 348, 2),
	(759, 'Entregado', '2021-03-06', 5, 347, 2),
	(760, 'Entregado', '2021-03-14', 5, 695, 2),
	(761, 'Entregado', '2021-03-15', 2, 873, 2),
	(762, 'Entregado', '2021-03-03', 4, 479, 3),
	(763, 'Entregado', '2021-03-08', 5, 246, 4),
	(764, 'Entregado', '2021-03-10', 5, 622, 5),
	(765, 'Entregado', '2021-03-08', 2, 186, 5),
	(766, 'Entregado', '2021-03-15', 4, 406, 3),
	(767, 'Entregado', '2021-03-11', 1, 669, 3),
	(768, 'Entregado', '2021-03-07', 1, 249, 4),
	(769, 'Entregado', '2021-03-08', 5, 100, 5),
	(770, 'Entregado', '2021-03-16', 1, 325, 4),
	(771, 'Entregado', '2021-03-05', 3, 310, 3),
	(772, 'Entregado', '2021-03-13', 2, 126, 3),
	(773, 'Entregado', '2021-03-01', 3, 70, 4),
	(774, 'Entregado', '2021-03-11', 2, 474, 1),
	(775, 'Entregado', '2021-03-03', 1, 42, 3),
	(776, 'Entregado', '2021-03-10', 5, 405, 3),
	(777, 'Entregado', '2021-03-17', 4, 259, 2),
	(778, 'Entregado', '2021-03-07', 2, 442, 5),
	(779, 'Entregado', '2021-03-16', 5, 755, 3),
	(780, 'Entregado', '2021-03-07', 1, 911, 1),
	(781, 'Entregado', '2021-03-05', 3, 415, 4),
	(782, 'Entregado', '2021-03-14', 2, 642, 1),
	(783, 'Entregado', '2021-03-11', 4, 879, 2),
	(784, 'Entregado', '2021-03-10', 4, 641, 1),
	(785, 'Entregado', '2021-03-04', 2, 376, 1),
	(786, 'Entregado', '2021-03-11', 5, 439, 2),
	(787, 'Entregado', '2021-03-03', 4, 74, 2),
	(788, 'Entregado', '2021-03-14', 3, 912, 1),
	(789, 'Entregado', '2021-03-04', 1, 374, 1),
	(790, 'Entregado', '2021-03-15', 1, 624, 5),
	(791, 'Entregado', '2021-03-08', 1, 246, 4),
	(792, 'Entregado', '2021-03-10', 4, 550, 1),
	(793, 'Entregado', '2021-03-16', 1, 138, 3),
	(794, 'Entregado', '2021-03-13', 4, 343, 2),
	(795, 'Entregado', '2021-03-11', 1, 545, 1),
	(796, 'Entregado', '2021-03-07', 4, 817, 1),
	(797, 'Entregado', '2021-03-17', 4, 323, 4),
	(798, 'Entregado', '2021-03-13', 2, 364, 5),
	(799, 'Entregado', '2021-03-11', 3, 302, 3),
	(800, 'Entregado', '2021-03-11', 5, 138, 3),
	(801, 'Entregado', '2021-03-10', 2, 669, 3),
	(802, 'Entregado', '2021-03-12', 3, 106, 1),
	(803, 'Entregado', '2021-03-17', 1, 639, 1),
	(804, 'Entregado', '2021-03-02', 3, 17, 1),
	(805, 'Entregado', '2021-03-13', 3, 391, 3),
	(806, 'Entregado', '2021-03-01', 1, 671, 3),
	(807, 'Entregado', '2021-03-01', 3, 853, 4),
	(808, 'Entregado', '2021-03-04', 4, 667, 3),
	(809, 'Entregado', '2021-03-11', 2, 313, 3),
	(810, 'Entregado', '2021-03-13', 5, 695, 2),
	(811, 'Entregado', '2021-03-03', 5, 821, 1),
	(812, 'Entregado', '2021-03-02', 3, 356, 5),
	(813, 'Entregado', '2021-03-02', 2, 282, 1),
	(814, 'Entregado', '2021-03-06', 4, 915, 1),
	(815, 'Entregado', '2021-03-08', 2, 498, 3),
	(816, 'Entregado', '2021-03-13', 2, 150, 4),
	(817, 'Entregado', '2021-03-10', 2, 766, 4),
	(818, 'Entregado', '2021-03-11', 3, 487, 3),
	(819, 'Entregado', '2021-03-03', 2, 990, 1),
	(820, 'Entregado', '2021-03-02', 2, 119, 1),
	(821, 'Entregado', '2021-03-09', 4, 972, 5),
	(822, 'Entregado', '2021-03-03', 1, 538, 5),
	(823, 'Entregado', '2021-03-08', 2, 382, 1),
	(824, 'Entregado', '2021-03-01', 2, 551, 1),
	(825, 'Entregado', '2021-03-07', 5, 934, 3),
	(826, 'Entregado', '2021-03-14', 2, 749, 3),
	(827, 'Entregado', '2021-03-03', 4, 724, 1),
	(828, 'Entregado', '2021-03-04', 3, 551, 1),
	(829, 'Entregado', '2021-03-12', 2, 15, 1),
	(830, 'Entregado', '2021-03-06', 2, 236, 4),
	(831, 'Entregado', '2021-03-13', 5, 300, 3),
	(832, 'Entregado', '2021-03-08', 5, 230, 3),
	(833, 'Entregado', '2021-03-13', 3, 212, 3),
	(834, 'Entregado', '2021-03-11', 4, 626, 5),
	(835, 'Entregado', '2021-03-10', 2, 288, 1),
	(836, 'Entregado', '2021-03-08', 3, 987, 1),
	(837, 'Entregado', '2021-03-16', 2, 669, 3),
	(838, 'Entregado', '2021-03-11', 2, 924, 3),
	(839, 'Entregado', '2021-03-15', 3, 665, 3),
	(840, 'Entregado', '2021-03-17', 1, 295, 1),
	(841, 'Entregado', '2021-03-07', 2, 128, 3),
	(842, 'Entregado', '2021-03-14', 1, 242, 4),
	(843, 'Entregado', '2021-03-17', 3, 482, 3),
	(844, 'Entregado', '2021-03-01', 1, 623, 5),
	(845, 'Entregado', '2021-03-10', 5, 988, 1),
	(846, 'Entregado', '2021-03-01', 2, 919, 3),
	(847, 'Entregado', '2021-03-16', 1, 351, 2),
	(848, 'Entregado', '2021-03-09', 3, 644, 1),
	(849, 'Entregado', '2021-03-15', 1, 475, 1),
	(850, 'Entregado', '2021-03-07', 4, 823, 1),
	(851, 'Entregado', '2021-03-10', 2, 261, 2),
	(852, 'Entregado', '2021-03-11', 4, 372, 1),
	(853, 'Entregado', '2021-03-15', 2, 959, 2),
	(854, 'Entregado', '2021-03-09', 3, 393, 3),
	(855, 'Entregado', '2021-03-04', 4, 679, 4),
	(856, 'Entregado', '2021-03-02', 3, 295, 1),
	(857, 'Entregado', '2021-03-06', 1, 309, 3),
	(858, 'Entregado', '2021-03-13', 2, 348, 2),
	(859, 'Entregado', '2021-03-06', 5, 347, 2),
	(860, 'Entregado', '2021-03-14', 5, 695, 2),
	(861, 'Entregado', '2021-03-15', 2, 873, 2),
	(862, 'Entregado', '2021-03-03', 4, 479, 3),
	(863, 'Entregado', '2021-03-08', 5, 246, 4),
	(864, 'Entregado', '2021-03-10', 5, 622, 5),
	(865, 'Entregado', '2021-03-08', 2, 186, 5),
	(866, 'Entregado', '2021-03-15', 4, 406, 3),
	(867, 'Entregado', '2021-03-11', 1, 669, 3),
	(868, 'Entregado', '2021-03-07', 1, 249, 4),
	(869, 'Entregado', '2021-03-08', 5, 100, 5),
	(870, 'Entregado', '2021-03-16', 1, 325, 4),
	(871, 'Entregado', '2021-03-05', 3, 310, 3),
	(872, 'Entregado', '2021-03-13', 2, 126, 3),
	(873, 'Entregado', '2021-03-01', 3, 70, 4),
	(874, 'Entregado', '2021-03-11', 2, 474, 1),
	(875, 'Entregado', '2021-03-03', 1, 42, 3),
	(876, 'Entregado', '2021-03-10', 5, 405, 3),
	(877, 'Entregado', '2021-03-17', 4, 259, 2),
	(878, 'Entregado', '2021-03-07', 2, 442, 5),
	(879, 'Entregado', '2021-03-16', 5, 755, 3),
	(880, 'Entregado', '2021-03-07', 1, 911, 1),
	(881, 'Entregado', '2021-03-05', 3, 415, 4),
	(882, 'Entregado', '2021-03-14', 2, 642, 1),
	(883, 'Entregado', '2021-03-11', 4, 879, 2),
	(884, 'Entregado', '2021-03-10', 4, 641, 1),
	(885, 'Entregado', '2021-03-04', 2, 376, 1),
	(886, 'Entregado', '2021-03-11', 5, 439, 2),
	(887, 'Entregado', '2021-03-03', 4, 74, 2),
	(888, 'Entregado', '2021-03-14', 3, 912, 1),
	(889, 'Entregado', '2021-03-04', 1, 374, 1),
	(890, 'Entregado', '2021-03-15', 1, 624, 5),
	(891, 'Entregado', '2021-03-08', 1, 246, 4),
	(892, 'Entregado', '2021-03-10', 4, 550, 1),
	(893, 'Entregado', '2021-03-16', 1, 138, 3),
	(894, 'Entregado', '2021-03-13', 4, 343, 2),
	(895, 'Entregado', '2021-03-11', 1, 545, 1),
	(896, 'Entregado', '2021-03-07', 4, 817, 1),
	(897, 'Entregado', '2021-03-17', 4, 323, 4),
	(898, 'Entregado', '2021-03-13', 2, 364, 5),
	(899, 'Entregado', '2021-03-11', 3, 302, 3),
	(900, 'Entregado', '2021-03-11', 5, 138, 3),
	(901, 'Entregado', '2021-03-17', 1, 365, 5),
	(902, 'Entregado', '2021-03-15', 4, 782, 2),
	(903, 'Entregado', '2021-03-08', 4, 544, 1),
	(904, 'Entregado', '2021-03-02', 1, 476, 3),
	(905, 'Entregado', '2021-03-17', 1, 368, 1),
	(906, 'Entregado', '2021-03-14', 4, 372, 1),
	(907, 'Entregado', '2021-03-07', 1, 952, 4),
	(908, 'Entregado', '2021-03-15', 1, 895, 1),
	(909, 'Entregado', '2021-03-02', 4, 525, 2),
	(910, 'Entregado', '2021-03-03', 2, 27, 1),
	(911, 'Entregado', '2021-03-02', 1, 525, 2),
	(912, 'Entregado', '2021-03-10', 5, 157, 4),
	(913, 'Entregado', '2021-03-05', 4, 591, 4),
	(914, 'Entregado', '2021-03-02', 2, 164, 2),
	(915, 'Entregado', '2021-03-04', 5, 151, 4),
	(916, 'Entregado', '2021-03-12', 5, 735, 1),
	(917, 'Entregado', '2021-03-05', 2, 735, 1),
	(918, 'Entregado', '2021-03-05', 1, 259, 2),
	(919, 'Entregado', '2021-03-02', 5, 604, 2),
	(920, 'Entregado', '2021-03-14', 3, 974, 5),
	(921, 'Entregado', '2021-03-09', 2, 726, 1),
	(922, 'Entregado', '2021-03-01', 3, 482, 3),
	(923, 'Entregado', '2021-03-01', 3, 427, 2),
	(924, 'Entregado', '2021-03-10', 3, 966, 2),
	(925, 'Entregado', '2021-03-01', 1, 89, 5),
	(926, 'Entregado', '2021-03-17', 3, 37, 3),
	(927, 'Entregado', '2021-03-13', 4, 156, 4),
	(928, 'Entregado', '2021-03-12', 4, 170, 2),
	(929, 'Entregado', '2021-03-11', 1, 163, 2),
	(930, 'Entregado', '2021-03-09', 1, 279, 1),
	(931, 'Entregado', '2021-03-03', 2, 944, 4),
	(932, 'Entregado', '2021-03-14', 5, 954, 2),
	(933, 'Entregado', '2021-03-05', 1, 149, 4),
	(934, 'Entregado', '2021-03-15', 5, 615, 2),
	(935, 'Entregado', '2021-03-12', 3, 610, 2),
	(936, 'Entregado', '2021-03-06', 3, 326, 4),
	(937, 'Entregado', '2021-03-01', 2, 557, 1),
	(938, 'Entregado', '2021-03-13', 4, 250, 2),
	(939, 'Entregado', '2021-03-05', 2, 837, 3),
	(940, 'Entregado', '2021-03-08', 3, 145, 3),
	(941, 'Entregado', '2021-03-12', 3, 439, 2),
	(942, 'Entregado', '2021-03-06', 3, 884, 5),
	(943, 'Entregado', '2021-03-08', 3, 720, 1),
	(944, 'Entregado', '2021-03-15', 5, 12, 5),
	(945, 'Entregado', '2021-03-05', 4, 822, 1),
	(946, 'Entregado', '2021-03-01', 3, 919, 3),
	(947, 'Entregado', '2021-03-14', 2, 558, 1),
	(948, 'Entregado', '2021-03-16', 2, 391, 3),
	(949, 'Entregado', '2021-03-10', 3, 455, 1),
	(950, 'Entregado', '2021-03-03', 1, 5, 5),
	(951, 'Entregado', '2021-03-12', 4, 334, 4),
	(952, 'Entregado', '2021-03-13', 2, 114, 1),
	(953, 'Entregado', '2021-03-13', 2, 464, 1),
	(954, 'Entregado', '2021-03-03', 5, 110, 1),
	(955, 'Entregado', '2021-03-14', 2, 374, 1),
	(956, 'Entregado', '2021-03-01', 5, 816, 1),
	(957, 'Entregado', '2021-03-12', 5, 211, 1),
	(958, 'Entregado', '2021-03-06', 3, 389, 3),
	(959, 'Entregado', '2021-03-14', 3, 732, 1),
	(960, 'Entregado', '2021-03-13', 3, 238, 4),
	(961, 'Entregado', '2021-03-11', 1, 442, 5),
	(962, 'Entregado', '2021-03-02', 1, 884, 5),
	(963, 'Entregado', '2021-03-13', 5, 792, 2),
	(964, 'Entregado', '2021-03-04', 1, 27, 1),
	(965, 'Entregado', '2021-03-15', 2, 62, 4),
	(966, 'Entregado', '2021-03-12', 5, 879, 2),
	(967, 'Entregado', '2021-03-15', 4, 88, 2),
	(968, 'Entregado', '2021-03-04', 3, 113, 1),
	(969, 'Entregado', '2021-03-07', 4, 735, 1),
	(970, 'Entregado', '2021-03-01', 5, 160, 4),
	(971, 'Entregado', '2021-03-07', 4, 657, 3),
	(972, 'Entregado', '2021-03-08', 2, 839, 3),
	(973, 'Entregado', '2021-03-03', 1, 641, 1),
	(974, 'Entregado', '2021-03-06', 2, 300, 3),
	(975, 'Entregado', '2021-03-03', 3, 137, 3),
	(976, 'Entregado', '2021-03-14', 3, 72, 4),
	(977, 'Entregado', '2021-03-15', 4, 731, 1),
	(978, 'Entregado', '2021-03-03', 2, 957, 2),
	(979, 'Entregado', '2021-03-14', 4, 487, 3),
	(980, 'Entregado', '2021-03-10', 4, 671, 3),
	(981, 'Entregado', '2021-03-12', 2, 491, 3),
	(982, 'Entregado', '2021-03-07', 2, 461, 1),
	(983, 'Entregado', '2021-03-05', 5, 738, 1),
	(984, 'Entregado', '2021-03-01', 1, 301, 3),
	(985, 'Entregado', '2021-03-14', 2, 579, 3),
	(986, 'Entregado', '2021-03-02', 1, 235, 4),
	(987, 'Entregado', '2021-03-06', 1, 536, 5),
	(988, 'Entregado', '2021-03-09', 3, 803, 5),
	(989, 'Entregado', '2021-03-14', 2, 195, 1),
	(990, 'Entregado', '2021-03-05', 2, 677, 4),
	(991, 'Entregado', '2021-03-15', 4, 976, 5),
	(992, 'Entregado', '2021-03-13', 5, 700, 2),
	(993, 'Entregado', '2021-03-02', 3, 380, 1),
	(994, 'Entregado', '2021-03-04', 1, 633, 1),
	(995, 'Entregado', '2021-03-14', 3, 5, 5),
	(996, 'Entregado', '2021-03-09', 4, 144, 3),
	(997, 'Entregado', '2021-03-06', 1, 361, 5),
	(998, 'Entregado', '2021-03-07', 1, 65, 4),
	(999, 'Entregado', '2021-03-08', 2, 315, 3),
	(1000, 'Entregado', '2021-03-08', 5, 158, 4);
/*!40000 ALTER TABLE `pedidos` ENABLE KEYS */;

-- Volcando estructura para tabla proyectorestaurante.platos
CREATE TABLE IF NOT EXISTS `platos` (
  `Cod_Platos` int NOT NULL,
  `Nombre` varchar(45) NOT NULL,
  `Precio` decimal(4,2) NOT NULL,
  `Descripcion` varchar(45) DEFAULT NULL,
  `Categoria` varchar(45) NOT NULL,
  PRIMARY KEY (`Cod_Platos`)
) ENGINE=InnoDB DEFAULT CHARSET=utf8;

-- Volcando datos para la tabla proyectorestaurante.platos: ~22 rows (aproximadamente)
/*!40000 ALTER TABLE `platos` DISABLE KEYS */;
REPLACE INTO `platos` (`Cod_Platos`, `Nombre`, `Precio`, `Descripcion`, `Categoria`) VALUES
	(1, 'Choco frito', 11.00, 'choco', 'pescado'),
	(2, 'Adobo frito', 10.50, 'Cazon Adobado', 'pescado'),
	(3, 'Pijotas', 12.50, 'Pijota fritas', 'pescado'),
	(4, 'Boquerones', 14.50, 'Boquerones fritos', 'pescado'),
	(5, 'Acedias', 16.50, 'Acedias fritas', 'pescado'),
	(6, 'Rape Frito', 15.50, 'Rape Frito', 'pescado'),
	(7, 'Pez Espada', 18.50, 'Pez Espada Planca con ensalada', 'pescado'),
	(8, 'Lenguado', 18.50, 'Lenguado Planca con ensalada', 'pescado'),
	(9, 'Corvina', 18.50, 'Corvina Planca con ensalada', 'pescado'),
	(10, 'Rape', 18.50, 'Rape Planca con ensalada', 'pescado'),
	(11, 'Gamba', 24.00, 'Gambas Cocida', 'pescado'),
	(12, 'Langostino', 18.00, 'Langostino Cocido', 'pescado'),
	(13, 'Cigalas', 21.50, 'Cigalas Cocida', 'pescado'),
	(14, 'Solomillo Iberico', 13.00, 'Solomillo Iberico con patatas fritas', 'carne'),
	(15, 'Presa Iberica', 15.00, 'Presa Iberica con patatas fritas', 'carne'),
	(16, 'Lagarto Iberico', 13.50, 'Lagarto Iberico con patatas fritas', 'carne'),
	(17, 'Lomo Ibrerico', 14.00, 'Lomo Ibrerico con patatas fritas', 'carne'),
	(18, 'Caña Lomo', 18.00, 'Caña Lomo', 'chacina'),
	(19, 'Jamon Iberico', 18.00, 'Jamon Iberico', 'chacina'),
	(20, 'Salchichon', 16.00, 'Salchichon', 'chacina'),
	(21, 'Variado Iberico', 21.00, 'Variado Iberico', 'chacina'),
	(22, 'Queso Manchego', 12.00, 'Queso Manchego', 'chacina');
/*!40000 ALTER TABLE `platos` ENABLE KEYS */;

-- Volcando estructura para tabla proyectorestaurante.restaurante
CREATE TABLE IF NOT EXISTS `restaurante` (
  `Cod_Restaurante` int NOT NULL AUTO_INCREMENT,
  `Dirección` varchar(45) DEFAULT NULL,
  `Cod_Postal` int DEFAULT NULL,
  `Telefono` decimal(9,0) DEFAULT NULL,
  PRIMARY KEY (`Cod_Restaurante`),
  KEY `Cod_Postal` (`Cod_Postal`)
) ENGINE=InnoDB AUTO_INCREMENT=7 DEFAULT CHARSET=utf8;

-- Volcando datos para la tabla proyectorestaurante.restaurante: ~0 rows (aproximadamente)
/*!40000 ALTER TABLE `restaurante` DISABLE KEYS */;
REPLACE INTO `restaurante` (`Cod_Restaurante`, `Dirección`, `Cod_Postal`, `Telefono`) VALUES
	(1, 'Real 25', 41950, 659478951),
	(2, 'Avenida del Ajarafe 30', 41910, 659321478),
	(3, 'Avenida Europa 15', 41960, 687963123),
	(4, 'Calle 28 de Febrero 12', 41930, 654156897),
	(5, 'Calle Sevilla', 41900, 689147963),
	(6, 'Avenida Constitución Nº1', 41001, 689147964);
/*!40000 ALTER TABLE `restaurante` ENABLE KEYS */;

-- Volcando estructura para tabla proyectorestaurante.restaurantenuevo
CREATE TABLE IF NOT EXISTS `restaurantenuevo` (
  `usuario` varchar(200) DEFAULT NULL,
  `fecha` datetime NOT NULL,
  `Cod_Restaurante` int DEFAULT NULL
) ENGINE=InnoDB DEFAULT CHARSET=utf8;

-- Volcando datos para la tabla proyectorestaurante.restaurantenuevo: ~0 rows (aproximadamente)
/*!40000 ALTER TABLE `restaurantenuevo` DISABLE KEYS */;
REPLACE INTO `restaurantenuevo` (`usuario`, `fecha`, `Cod_Restaurante`) VALUES
	('root@localhost', '2021-03-20 14:38:54', 6);
/*!40000 ALTER TABLE `restaurantenuevo` ENABLE KEYS */;

-- Volcando estructura para tabla proyectorestaurante.ticket
CREATE TABLE IF NOT EXISTS `ticket` (
  `Platos_Cod_Platos` int NOT NULL,
  `Unidades` int DEFAULT NULL,
  `Pedidos_Codigo_Pedidos` int NOT NULL,
  `Cod_Ticket` int NOT NULL AUTO_INCREMENT,
  PRIMARY KEY (`Cod_Ticket`),
  KEY `fk_Platos_has_Pedidos_Platos1_idx` (`Platos_Cod_Platos`),
  KEY `fk_ticket_Pedidos1_idx` (`Pedidos_Codigo_Pedidos`),
  CONSTRAINT `fk_Platos_has_Pedidos_Platos1` FOREIGN KEY (`Platos_Cod_Platos`) REFERENCES `platos` (`Cod_Platos`),
  CONSTRAINT `fk_ticket_Pedidos1` FOREIGN KEY (`Pedidos_Codigo_Pedidos`) REFERENCES `pedidos` (`Codigo_Pedidos`)
) ENGINE=InnoDB AUTO_INCREMENT=1001 DEFAULT CHARSET=utf8;

-- Volcando datos para la tabla proyectorestaurante.ticket: ~0 rows (aproximadamente)
/*!40000 ALTER TABLE `ticket` DISABLE KEYS */;
REPLACE INTO `ticket` (`Platos_Cod_Platos`, `Unidades`, `Pedidos_Codigo_Pedidos`, `Cod_Ticket`) VALUES
	(15, 2, 1, 1),
	(13, 1, 2, 2),
	(22, 1, 3, 3),
	(16, 2, 4, 4),
	(14, 2, 5, 5),
	(20, 1, 6, 6),
	(4, 2, 7, 7),
	(5, 1, 8, 8),
	(5, 1, 9, 9),
	(18, 2, 10, 10),
	(3, 1, 11, 11),
	(22, 1, 12, 12),
	(22, 1, 13, 13),
	(18, 2, 14, 14),
	(10, 1, 15, 15),
	(8, 1, 16, 16),
	(17, 1, 17, 17),
	(7, 2, 18, 18),
	(18, 2, 19, 19),
	(12, 2, 20, 20),
	(3, 2, 21, 21),
	(10, 1, 22, 22),
	(21, 2, 23, 23),
	(9, 1, 24, 24),
	(11, 2, 25, 25),
	(17, 1, 26, 26),
	(14, 2, 27, 27),
	(16, 1, 28, 28),
	(20, 2, 29, 29),
	(22, 1, 30, 30),
	(22, 1, 31, 31),
	(4, 2, 32, 32),
	(12, 2, 33, 33),
	(4, 1, 34, 34),
	(7, 2, 35, 35),
	(13, 2, 36, 36),
	(21, 2, 37, 37),
	(11, 2, 38, 38),
	(8, 2, 39, 39),
	(18, 1, 40, 40),
	(15, 1, 41, 41),
	(10, 1, 42, 42),
	(1, 1, 43, 43),
	(12, 1, 44, 44),
	(9, 1, 45, 45),
	(22, 2, 46, 46),
	(22, 2, 47, 47),
	(22, 2, 48, 48),
	(16, 1, 49, 49),
	(22, 1, 50, 50),
	(5, 2, 51, 51),
	(16, 2, 52, 52),
	(10, 1, 53, 53),
	(12, 2, 54, 54),
	(11, 2, 55, 55),
	(2, 2, 56, 56),
	(18, 2, 57, 57),
	(3, 2, 58, 58),
	(13, 1, 59, 59),
	(2, 2, 60, 60),
	(13, 2, 61, 61),
	(2, 1, 62, 62),
	(3, 1, 63, 63),
	(1, 1, 64, 64),
	(12, 2, 65, 65),
	(15, 1, 66, 66),
	(22, 1, 67, 67),
	(18, 2, 68, 68),
	(18, 2, 69, 69),
	(15, 2, 70, 70),
	(11, 2, 71, 71),
	(17, 1, 72, 72),
	(7, 1, 73, 73),
	(20, 1, 74, 74),
	(14, 1, 75, 75),
	(10, 2, 76, 76),
	(3, 1, 77, 77),
	(6, 2, 78, 78),
	(9, 1, 79, 79),
	(9, 2, 80, 80),
	(15, 2, 81, 81),
	(2, 2, 82, 82),
	(9, 1, 83, 83),
	(22, 2, 84, 84),
	(10, 1, 85, 85),
	(15, 2, 86, 86),
	(6, 1, 87, 87),
	(12, 1, 88, 88),
	(5, 2, 89, 89),
	(20, 2, 90, 90),
	(8, 1, 91, 91),
	(18, 1, 92, 92),
	(21, 2, 93, 93),
	(20, 1, 94, 94),
	(17, 2, 95, 95),
	(22, 1, 96, 96),
	(11, 1, 97, 97),
	(3, 1, 98, 98),
	(14, 2, 99, 99),
	(4, 2, 100, 100),
	(7, 2, 101, 101),
	(21, 2, 102, 102),
	(19, 1, 103, 103),
	(13, 2, 104, 104),
	(4, 2, 105, 105),
	(16, 1, 106, 106),
	(17, 1, 107, 107),
	(22, 2, 108, 108),
	(19, 1, 109, 109),
	(19, 1, 110, 110),
	(16, 1, 111, 111),
	(14, 2, 112, 112),
	(4, 2, 113, 113),
	(9, 2, 114, 114),
	(3, 2, 115, 115),
	(22, 1, 116, 116),
	(12, 1, 117, 117),
	(7, 1, 118, 118),
	(9, 1, 119, 119),
	(16, 2, 120, 120),
	(13, 2, 121, 121),
	(22, 1, 122, 122),
	(10, 1, 122, 123),
	(18, 1, 124, 124),
	(4, 2, 125, 125),
	(11, 1, 126, 126),
	(5, 1, 127, 127),
	(9, 1, 128, 128),
	(16, 2, 129, 129),
	(9, 2, 130, 130),
	(6, 1, 131, 131),
	(8, 1, 132, 132),
	(17, 2, 133, 133),
	(22, 1, 134, 134),
	(12, 2, 135, 135),
	(11, 1, 136, 136),
	(17, 1, 137, 137),
	(21, 1, 138, 138),
	(15, 2, 139, 139),
	(17, 1, 140, 140),
	(18, 1, 141, 141),
	(20, 2, 142, 142),
	(16, 2, 143, 143),
	(9, 2, 144, 144),
	(22, 1, 145, 145),
	(3, 1, 146, 146),
	(5, 2, 147, 147),
	(11, 1, 148, 148),
	(18, 1, 149, 149),
	(22, 2, 150, 150),
	(3, 1, 151, 151),
	(11, 1, 152, 152),
	(13, 1, 153, 153),
	(22, 1, 154, 154),
	(19, 2, 155, 155),
	(12, 2, 156, 156),
	(1, 1, 157, 157),
	(10, 1, 158, 158),
	(22, 1, 159, 159),
	(15, 1, 160, 160),
	(6, 2, 161, 161),
	(13, 2, 162, 162),
	(17, 2, 163, 163),
	(8, 1, 164, 164),
	(3, 1, 165, 165),
	(10, 1, 166, 166),
	(18, 2, 167, 167),
	(15, 2, 168, 168),
	(18, 1, 169, 169),
	(22, 1, 170, 170),
	(8, 2, 171, 171),
	(5, 1, 172, 172),
	(9, 2, 173, 173),
	(6, 1, 174, 174),
	(7, 1, 175, 175),
	(22, 2, 176, 176),
	(18, 1, 177, 177),
	(10, 2, 178, 178),
	(22, 1, 179, 179),
	(13, 1, 180, 180),
	(15, 2, 181, 181),
	(17, 1, 182, 182),
	(22, 1, 183, 183),
	(2, 1, 184, 184),
	(6, 2, 185, 185),
	(3, 2, 186, 186),
	(13, 1, 187, 187),
	(12, 1, 188, 188),
	(10, 1, 189, 189),
	(17, 1, 190, 190),
	(5, 1, 191, 191),
	(14, 2, 192, 192),
	(18, 1, 193, 193),
	(18, 2, 194, 194),
	(19, 2, 195, 195),
	(20, 2, 196, 196),
	(12, 2, 197, 197),
	(18, 1, 198, 198),
	(15, 1, 199, 199),
	(3, 2, 200, 200),
	(17, 2, 201, 201),
	(22, 1, 202, 202),
	(10, 1, 203, 203),
	(22, 2, 204, 204),
	(4, 2, 205, 205),
	(20, 2, 206, 206),
	(22, 1, 207, 207),
	(8, 1, 208, 208),
	(18, 2, 209, 209),
	(20, 2, 210, 210),
	(4, 1, 211, 211),
	(20, 2, 212, 212),
	(10, 1, 213, 213),
	(18, 2, 214, 214),
	(15, 2, 215, 215),
	(10, 2, 216, 216),
	(21, 1, 217, 217),
	(5, 2, 218, 218),
	(17, 1, 219, 219),
	(6, 1, 220, 220),
	(21, 2, 221, 221),
	(21, 1, 222, 222),
	(8, 1, 222, 223),
	(21, 2, 224, 224),
	(14, 1, 225, 225),
	(20, 2, 226, 226),
	(6, 1, 227, 227),
	(6, 2, 228, 228),
	(3, 2, 229, 229),
	(5, 1, 220, 230),
	(9, 2, 221, 231),
	(9, 2, 222, 232),
	(7, 1, 222, 233),
	(10, 1, 224, 234),
	(17, 2, 225, 235),
	(22, 2, 226, 236),
	(1, 2, 227, 237),
	(2, 1, 228, 238),
	(9, 1, 229, 239),
	(9, 1, 240, 240),
	(20, 1, 241, 241),
	(22, 1, 242, 242),
	(10, 1, 243, 243),
	(15, 2, 244, 244),
	(3, 1, 245, 245),
	(16, 1, 246, 246),
	(21, 2, 247, 247),
	(22, 2, 248, 248),
	(4, 1, 249, 249),
	(22, 1, 250, 250),
	(11, 2, 251, 251),
	(21, 2, 252, 252),
	(5, 2, 253, 253),
	(19, 1, 254, 254),
	(2, 2, 255, 255),
	(12, 1, 256, 256),
	(21, 2, 257, 257),
	(22, 1, 258, 258),
	(15, 2, 259, 259),
	(7, 1, 260, 260),
	(11, 1, 261, 261),
	(18, 1, 262, 262),
	(21, 2, 263, 263),
	(11, 1, 264, 264),
	(19, 1, 265, 265),
	(19, 2, 266, 266),
	(4, 2, 267, 267),
	(19, 2, 268, 268),
	(7, 2, 269, 269),
	(2, 2, 270, 270),
	(12, 1, 271, 271),
	(15, 1, 272, 272),
	(13, 2, 273, 273),
	(7, 2, 274, 274),
	(6, 1, 275, 275),
	(14, 1, 276, 276),
	(1, 1, 277, 277),
	(15, 2, 278, 278),
	(19, 1, 279, 279),
	(16, 2, 280, 280),
	(22, 1, 281, 281),
	(18, 2, 282, 282),
	(21, 1, 283, 283),
	(21, 2, 284, 284),
	(13, 2, 285, 285),
	(15, 1, 286, 286),
	(14, 2, 287, 287),
	(6, 1, 288, 288),
	(17, 2, 289, 289),
	(2, 1, 290, 290),
	(11, 2, 291, 291),
	(18, 2, 292, 292),
	(9, 2, 293, 293),
	(6, 1, 294, 294),
	(13, 2, 295, 295),
	(10, 2, 296, 296),
	(3, 2, 297, 297),
	(15, 2, 298, 298),
	(6, 2, 299, 299),
	(5, 1, 300, 300),
	(10, 2, 301, 301),
	(15, 1, 302, 302),
	(18, 2, 303, 303),
	(3, 1, 304, 304),
	(9, 1, 305, 305),
	(16, 2, 306, 306),
	(14, 2, 307, 307),
	(7, 2, 308, 308),
	(16, 2, 309, 309),
	(20, 1, 310, 310),
	(18, 2, 311, 311),
	(13, 1, 312, 312),
	(15, 2, 313, 313),
	(17, 2, 314, 314),
	(1, 2, 315, 315),
	(3, 2, 316, 316),
	(18, 2, 317, 317),
	(4, 1, 318, 318),
	(8, 1, 319, 319),
	(9, 2, 320, 320),
	(1, 2, 321, 321),
	(18, 1, 322, 322),
	(4, 2, 322, 323),
	(21, 2, 324, 324),
	(21, 1, 325, 325),
	(18, 1, 326, 326),
	(14, 2, 327, 327),
	(9, 2, 328, 328),
	(10, 1, 329, 329),
	(2, 1, 330, 330),
	(13, 1, 331, 331),
	(22, 2, 332, 332),
	(8, 2, 333, 333),
	(13, 1, 334, 334),
	(1, 1, 335, 335),
	(3, 1, 336, 336),
	(5, 1, 337, 337),
	(6, 1, 338, 338),
	(8, 1, 339, 339),
	(9, 1, 340, 340),
	(21, 2, 341, 341),
	(16, 2, 342, 342),
	(21, 1, 343, 343),
	(3, 1, 344, 344),
	(8, 2, 345, 345),
	(22, 1, 346, 346),
	(12, 2, 347, 347),
	(1, 2, 348, 348),
	(5, 1, 349, 349),
	(15, 2, 350, 350),
	(5, 2, 351, 351),
	(5, 1, 352, 352),
	(19, 2, 353, 353),
	(9, 2, 354, 354),
	(22, 1, 355, 355),
	(10, 2, 356, 356),
	(15, 1, 357, 357),
	(14, 1, 358, 358),
	(4, 1, 359, 359),
	(21, 2, 360, 360),
	(9, 1, 361, 361),
	(8, 1, 362, 362),
	(20, 1, 363, 363),
	(12, 2, 364, 364),
	(12, 1, 365, 365),
	(22, 1, 366, 366),
	(22, 2, 367, 367),
	(17, 1, 368, 368),
	(11, 1, 369, 369),
	(20, 1, 370, 370),
	(8, 2, 371, 371),
	(12, 1, 372, 372),
	(2, 1, 373, 373),
	(22, 2, 374, 374),
	(17, 2, 375, 375),
	(2, 1, 376, 376),
	(18, 2, 377, 377),
	(13, 1, 378, 378),
	(21, 1, 379, 379),
	(12, 1, 380, 380),
	(18, 1, 381, 381),
	(12, 1, 382, 382),
	(14, 1, 383, 383),
	(4, 1, 384, 384),
	(22, 2, 385, 385),
	(14, 2, 386, 386),
	(2, 1, 387, 387),
	(16, 2, 388, 388),
	(6, 1, 389, 389),
	(8, 1, 390, 390),
	(2, 1, 391, 391),
	(19, 1, 392, 392),
	(22, 1, 393, 393),
	(6, 1, 394, 394),
	(21, 1, 395, 395),
	(10, 2, 396, 396),
	(17, 1, 397, 397),
	(22, 2, 398, 398),
	(2, 1, 399, 399),
	(11, 1, 400, 400),
	(20, 1, 401, 401),
	(13, 2, 402, 402),
	(11, 2, 403, 403),
	(6, 2, 404, 404),
	(1, 1, 405, 405),
	(9, 2, 406, 406),
	(9, 1, 407, 407),
	(5, 1, 408, 408),
	(5, 1, 409, 409),
	(12, 2, 410, 410),
	(5, 1, 411, 411),
	(15, 1, 412, 412),
	(16, 2, 413, 413),
	(13, 1, 414, 414),
	(22, 2, 415, 415),
	(9, 1, 416, 416),
	(5, 1, 417, 417),
	(17, 1, 418, 418),
	(2, 1, 419, 419),
	(9, 2, 420, 420),
	(12, 1, 421, 421),
	(9, 1, 422, 422),
	(21, 1, 422, 423),
	(4, 1, 424, 424),
	(15, 1, 425, 425),
	(4, 2, 426, 426),
	(22, 1, 427, 427),
	(4, 2, 428, 428),
	(6, 2, 429, 429),
	(17, 2, 430, 430),
	(3, 1, 431, 431),
	(22, 2, 432, 432),
	(14, 2, 433, 433),
	(22, 2, 434, 434),
	(22, 2, 435, 435),
	(9, 2, 436, 436),
	(18, 1, 437, 437),
	(9, 1, 438, 438),
	(2, 1, 439, 439),
	(22, 1, 440, 440),
	(2, 1, 441, 441),
	(22, 2, 442, 442),
	(3, 2, 443, 443),
	(22, 1, 444, 444),
	(20, 2, 445, 445),
	(2, 1, 446, 446),
	(12, 1, 447, 447),
	(14, 2, 448, 448),
	(20, 1, 449, 449),
	(5, 1, 450, 450),
	(2, 1, 451, 451),
	(3, 2, 452, 452),
	(6, 2, 453, 453),
	(14, 1, 454, 454),
	(19, 1, 455, 455),
	(13, 2, 456, 456),
	(22, 1, 457, 457),
	(3, 2, 458, 458),
	(3, 2, 459, 459),
	(11, 1, 460, 460),
	(15, 2, 461, 461),
	(14, 2, 462, 462),
	(19, 2, 463, 463),
	(14, 2, 464, 464),
	(21, 2, 465, 465),
	(5, 1, 466, 466),
	(21, 1, 467, 467),
	(17, 1, 468, 468),
	(12, 2, 469, 469),
	(18, 2, 470, 470),
	(17, 2, 471, 471),
	(15, 2, 472, 472),
	(6, 2, 473, 473),
	(8, 1, 474, 474),
	(14, 1, 475, 475),
	(20, 2, 476, 476),
	(20, 2, 477, 477),
	(12, 1, 478, 478),
	(13, 2, 479, 479),
	(14, 1, 480, 480),
	(22, 2, 481, 481),
	(3, 1, 482, 482),
	(4, 1, 483, 483),
	(18, 2, 484, 484),
	(22, 1, 485, 485),
	(15, 2, 486, 486),
	(3, 2, 487, 487),
	(3, 1, 488, 488),
	(22, 1, 489, 489),
	(6, 1, 490, 490),
	(15, 1, 491, 491),
	(11, 1, 492, 492),
	(16, 1, 493, 493),
	(22, 1, 494, 494),
	(8, 2, 495, 495),
	(19, 2, 496, 496),
	(11, 2, 497, 497),
	(21, 2, 498, 498),
	(18, 1, 499, 499),
	(12, 2, 500, 500),
	(8, 1, 501, 501),
	(7, 1, 502, 502),
	(20, 1, 503, 503),
	(17, 2, 504, 504),
	(12, 2, 505, 505),
	(11, 1, 506, 506),
	(14, 2, 507, 507),
	(2, 1, 508, 508),
	(2, 2, 509, 509),
	(9, 1, 510, 510),
	(14, 1, 511, 511),
	(20, 2, 512, 512),
	(14, 2, 513, 513),
	(16, 2, 514, 514),
	(8, 1, 515, 515),
	(11, 1, 516, 516),
	(6, 2, 517, 517),
	(15, 1, 518, 518),
	(22, 1, 519, 519),
	(6, 1, 520, 520),
	(22, 1, 521, 521),
	(9, 1, 522, 522),
	(22, 2, 522, 523),
	(1, 2, 524, 524),
	(14, 1, 525, 525),
	(7, 1, 526, 526),
	(20, 1, 527, 527),
	(22, 2, 528, 528),
	(10, 2, 529, 529),
	(3, 2, 530, 530),
	(14, 1, 531, 531),
	(14, 1, 532, 532),
	(2, 1, 533, 533),
	(22, 2, 534, 534),
	(17, 2, 535, 535),
	(16, 2, 536, 536),
	(20, 2, 537, 537),
	(19, 1, 538, 538),
	(20, 2, 539, 539),
	(12, 1, 540, 540),
	(19, 1, 541, 541),
	(10, 1, 542, 542),
	(15, 2, 543, 543),
	(9, 1, 544, 544),
	(19, 1, 545, 545),
	(15, 2, 546, 546),
	(2, 2, 547, 547),
	(15, 2, 548, 548),
	(14, 2, 549, 549),
	(7, 1, 550, 550),
	(22, 2, 551, 551),
	(5, 1, 552, 552),
	(8, 2, 553, 553),
	(10, 1, 554, 554),
	(1, 2, 555, 555),
	(4, 2, 556, 556),
	(22, 2, 557, 557),
	(22, 2, 558, 558),
	(17, 2, 559, 559),
	(14, 1, 560, 560),
	(1, 1, 561, 561),
	(19, 2, 562, 562),
	(21, 2, 563, 563),
	(4, 1, 564, 564),
	(1, 2, 565, 565),
	(20, 2, 566, 566),
	(12, 2, 567, 567),
	(19, 1, 568, 568),
	(22, 1, 569, 569),
	(4, 2, 570, 570),
	(20, 2, 571, 571),
	(22, 1, 572, 572),
	(22, 1, 573, 573),
	(2, 1, 574, 574),
	(19, 2, 575, 575),
	(5, 1, 576, 576),
	(22, 2, 577, 577),
	(3, 1, 578, 578),
	(8, 1, 579, 579),
	(22, 2, 580, 580),
	(22, 2, 581, 581),
	(19, 2, 582, 582),
	(6, 2, 583, 583),
	(8, 2, 584, 584),
	(12, 1, 585, 585),
	(4, 1, 586, 586),
	(22, 1, 587, 587),
	(16, 2, 588, 588),
	(7, 1, 589, 589),
	(5, 1, 590, 590),
	(11, 2, 591, 591),
	(5, 2, 592, 592),
	(15, 1, 593, 593),
	(17, 1, 594, 594),
	(21, 2, 595, 595),
	(15, 1, 596, 596),
	(18, 1, 597, 597),
	(21, 2, 598, 598),
	(8, 1, 599, 599),
	(7, 1, 600, 600),
	(10, 2, 601, 601),
	(22, 2, 602, 602),
	(15, 1, 603, 603),
	(4, 2, 604, 604),
	(21, 1, 605, 605),
	(2, 2, 606, 606),
	(21, 2, 607, 607),
	(13, 1, 608, 608),
	(2, 2, 609, 609),
	(16, 2, 610, 610),
	(17, 1, 611, 611),
	(4, 2, 612, 612),
	(9, 1, 613, 613),
	(9, 2, 614, 614),
	(6, 2, 615, 615),
	(19, 2, 616, 616),
	(2, 2, 617, 617),
	(12, 1, 618, 618),
	(3, 1, 619, 619),
	(22, 1, 620, 620),
	(16, 1, 621, 621),
	(8, 2, 622, 622),
	(7, 1, 622, 623),
	(3, 2, 624, 624),
	(19, 2, 625, 625),
	(4, 2, 626, 626),
	(2, 2, 627, 627),
	(3, 2, 628, 628),
	(4, 2, 629, 629),
	(19, 1, 630, 630),
	(10, 2, 631, 631),
	(22, 2, 632, 632),
	(16, 2, 633, 633),
	(17, 2, 634, 634),
	(19, 2, 635, 635),
	(4, 1, 636, 636),
	(8, 1, 637, 637),
	(11, 1, 638, 638),
	(15, 2, 639, 639),
	(4, 1, 640, 640),
	(8, 2, 641, 641),
	(1, 2, 642, 642),
	(19, 2, 643, 643),
	(14, 1, 644, 644),
	(21, 1, 645, 645),
	(12, 2, 646, 646),
	(12, 1, 647, 647),
	(4, 1, 648, 648),
	(7, 2, 649, 649),
	(12, 1, 650, 650),
	(6, 1, 651, 651),
	(18, 1, 652, 652),
	(7, 1, 653, 653),
	(8, 2, 654, 654),
	(19, 2, 655, 655),
	(10, 1, 656, 656),
	(6, 2, 657, 657),
	(6, 1, 658, 658),
	(9, 2, 659, 659),
	(13, 1, 660, 660),
	(20, 1, 661, 661),
	(18, 1, 662, 662),
	(7, 2, 663, 663),
	(4, 2, 664, 664),
	(21, 1, 665, 665),
	(6, 1, 666, 666),
	(21, 1, 667, 667),
	(21, 2, 668, 668),
	(21, 2, 669, 669),
	(18, 2, 670, 670),
	(6, 1, 671, 671),
	(3, 2, 672, 672),
	(16, 2, 673, 673),
	(13, 2, 674, 674),
	(14, 2, 675, 675),
	(6, 1, 676, 676),
	(17, 2, 677, 677),
	(14, 2, 678, 678),
	(15, 2, 679, 679),
	(14, 2, 680, 680),
	(14, 2, 681, 681),
	(9, 2, 682, 682),
	(21, 1, 683, 683),
	(12, 2, 684, 684),
	(22, 2, 685, 685),
	(14, 2, 686, 686),
	(3, 2, 687, 687),
	(1, 2, 688, 688),
	(16, 1, 689, 689),
	(22, 1, 690, 690),
	(22, 1, 691, 691),
	(10, 2, 692, 692),
	(15, 2, 693, 693),
	(20, 2, 694, 694),
	(3, 1, 695, 695),
	(7, 1, 696, 696),
	(1, 2, 697, 697),
	(8, 2, 698, 698),
	(9, 2, 699, 699),
	(22, 1, 700, 700),
	(20, 2, 701, 701),
	(11, 2, 702, 702),
	(16, 1, 703, 703),
	(2, 2, 704, 704),
	(8, 1, 705, 705),
	(14, 2, 706, 706),
	(9, 1, 707, 707),
	(5, 1, 708, 708),
	(2, 2, 709, 709),
	(5, 2, 710, 710),
	(8, 2, 711, 711),
	(17, 2, 712, 712),
	(1, 2, 713, 713),
	(19, 2, 714, 714),
	(2, 2, 715, 715),
	(7, 1, 716, 716),
	(19, 2, 717, 717),
	(16, 2, 718, 718),
	(15, 2, 719, 719),
	(13, 2, 720, 720),
	(12, 2, 721, 721),
	(5, 2, 722, 722),
	(11, 1, 722, 723),
	(21, 2, 724, 724),
	(11, 1, 725, 725),
	(22, 1, 726, 726),
	(16, 1, 727, 727),
	(11, 1, 728, 728),
	(21, 2, 729, 729),
	(4, 2, 730, 730),
	(22, 2, 731, 731),
	(16, 1, 732, 732),
	(22, 1, 733, 733),
	(10, 1, 734, 734),
	(20, 2, 735, 735),
	(15, 2, 736, 736),
	(22, 1, 737, 737),
	(14, 1, 738, 738),
	(5, 1, 739, 739),
	(8, 1, 740, 740),
	(4, 2, 741, 741),
	(22, 1, 742, 742),
	(15, 1, 743, 743),
	(7, 1, 744, 744),
	(4, 1, 745, 745),
	(22, 2, 746, 746),
	(18, 2, 747, 747),
	(16, 1, 748, 748),
	(17, 2, 749, 749),
	(2, 1, 750, 750),
	(22, 1, 751, 751),
	(15, 2, 752, 752),
	(14, 2, 753, 753),
	(12, 1, 754, 754),
	(10, 2, 755, 755),
	(14, 2, 756, 756),
	(10, 1, 757, 757),
	(1, 2, 758, 758),
	(8, 1, 759, 759),
	(4, 1, 760, 760),
	(3, 2, 761, 761),
	(1, 2, 762, 762),
	(12, 1, 763, 763),
	(18, 1, 764, 764),
	(15, 2, 765, 765),
	(21, 2, 766, 766),
	(16, 1, 767, 767),
	(2, 2, 768, 768),
	(2, 1, 769, 769),
	(22, 1, 770, 770),
	(22, 1, 771, 771),
	(21, 2, 772, 772),
	(8, 1, 773, 773),
	(22, 1, 774, 774),
	(22, 1, 775, 775),
	(21, 1, 776, 776),
	(22, 1, 777, 777),
	(5, 2, 778, 778),
	(12, 2, 779, 779),
	(3, 2, 780, 780),
	(14, 1, 781, 781),
	(17, 1, 782, 782),
	(5, 2, 783, 783),
	(14, 1, 784, 784),
	(3, 1, 785, 785),
	(20, 1, 786, 786),
	(15, 1, 787, 787),
	(10, 1, 788, 788),
	(17, 1, 789, 789),
	(16, 2, 790, 790),
	(12, 2, 791, 791),
	(22, 1, 792, 792),
	(3, 1, 793, 793),
	(13, 2, 794, 794),
	(2, 1, 795, 795),
	(20, 2, 796, 796),
	(1, 1, 797, 797),
	(2, 2, 798, 798),
	(9, 2, 799, 799),
	(10, 1, 800, 800),
	(4, 1, 801, 801),
	(5, 2, 802, 802),
	(21, 1, 803, 803),
	(7, 2, 804, 804),
	(12, 2, 805, 805),
	(2, 2, 806, 806),
	(20, 2, 807, 807),
	(12, 2, 808, 808),
	(17, 2, 809, 809),
	(7, 1, 810, 810),
	(12, 2, 811, 811),
	(18, 2, 812, 812),
	(9, 2, 813, 813),
	(22, 1, 814, 814),
	(16, 1, 815, 815),
	(7, 1, 816, 816),
	(3, 1, 817, 817),
	(8, 2, 818, 818),
	(22, 2, 819, 819),
	(9, 2, 820, 820),
	(7, 1, 821, 821),
	(6, 2, 822, 822),
	(19, 2, 822, 823),
	(6, 1, 824, 824),
	(8, 1, 825, 825),
	(20, 2, 826, 826),
	(17, 2, 827, 827),
	(15, 2, 828, 828),
	(20, 2, 829, 829),
	(22, 1, 830, 830),
	(1, 2, 831, 831),
	(9, 2, 832, 832),
	(5, 1, 833, 833),
	(22, 2, 834, 834),
	(16, 1, 835, 835),
	(22, 2, 836, 836),
	(18, 1, 837, 837),
	(12, 1, 838, 838),
	(22, 2, 839, 839),
	(10, 1, 840, 840),
	(7, 1, 841, 841),
	(17, 2, 842, 842),
	(5, 1, 843, 843),
	(8, 1, 844, 844),
	(2, 1, 845, 845),
	(13, 2, 846, 846),
	(6, 2, 847, 847),
	(15, 2, 848, 848),
	(22, 1, 849, 849),
	(9, 1, 850, 850),
	(6, 1, 851, 851),
	(8, 2, 852, 852),
	(10, 2, 853, 853),
	(1, 1, 854, 854),
	(16, 1, 855, 855),
	(18, 1, 856, 856),
	(13, 2, 857, 857),
	(13, 2, 858, 858),
	(7, 2, 859, 859),
	(14, 1, 860, 860),
	(3, 1, 861, 861),
	(5, 2, 862, 862),
	(16, 2, 863, 863),
	(20, 1, 864, 864),
	(12, 1, 865, 865),
	(5, 1, 866, 866),
	(18, 1, 867, 867),
	(12, 2, 868, 868),
	(17, 2, 869, 869),
	(11, 1, 870, 870),
	(9, 1, 871, 871),
	(12, 2, 872, 872),
	(6, 1, 873, 873),
	(16, 1, 874, 874),
	(2, 1, 875, 875),
	(6, 2, 876, 876),
	(15, 1, 877, 877),
	(4, 2, 878, 878),
	(17, 2, 879, 879),
	(9, 1, 880, 880),
	(4, 2, 881, 881),
	(18, 2, 882, 882),
	(3, 2, 883, 883),
	(19, 1, 884, 884),
	(11, 2, 885, 885),
	(13, 2, 886, 886),
	(2, 2, 887, 887),
	(7, 2, 888, 888),
	(3, 2, 889, 889),
	(3, 1, 890, 890),
	(5, 2, 891, 891),
	(9, 2, 892, 892),
	(22, 1, 893, 893),
	(2, 2, 894, 894),
	(19, 2, 895, 895),
	(10, 1, 896, 896),
	(20, 1, 897, 897),
	(21, 1, 898, 898),
	(12, 1, 899, 899),
	(8, 2, 900, 900),
	(20, 1, 901, 901),
	(5, 2, 902, 902),
	(13, 2, 903, 903),
	(11, 2, 904, 904),
	(5, 2, 905, 905),
	(17, 2, 906, 906),
	(22, 1, 907, 907),
	(22, 2, 908, 908),
	(17, 2, 909, 909),
	(14, 1, 910, 910),
	(21, 1, 911, 911),
	(8, 2, 912, 912),
	(20, 2, 913, 913),
	(8, 1, 914, 914),
	(13, 2, 915, 915),
	(6, 2, 916, 916),
	(8, 2, 917, 917),
	(22, 1, 918, 918),
	(18, 1, 919, 919),
	(18, 2, 920, 920),
	(13, 1, 921, 921),
	(19, 2, 922, 922),
	(10, 2, 922, 923),
	(22, 1, 924, 924),
	(18, 2, 925, 925),
	(9, 1, 926, 926),
	(18, 1, 927, 927),
	(1, 2, 928, 928),
	(22, 2, 929, 929),
	(18, 1, 930, 930),
	(15, 2, 931, 931),
	(10, 2, 932, 932),
	(10, 2, 933, 933),
	(13, 1, 934, 934),
	(9, 2, 935, 935),
	(9, 1, 936, 936),
	(22, 2, 937, 937),
	(19, 1, 938, 938),
	(16, 1, 939, 939),
	(10, 2, 940, 940),
	(3, 1, 941, 941),
	(11, 1, 942, 942),
	(22, 2, 943, 943),
	(11, 2, 944, 944),
	(3, 2, 945, 945),
	(17, 1, 946, 946),
	(21, 2, 947, 947),
	(7, 2, 948, 948),
	(14, 1, 949, 949),
	(18, 2, 950, 950),
	(15, 1, 951, 951),
	(16, 1, 952, 952),
	(22, 2, 953, 953),
	(7, 2, 954, 954),
	(22, 1, 955, 955),
	(1, 2, 956, 956),
	(14, 2, 957, 957),
	(7, 2, 958, 958),
	(10, 2, 959, 959),
	(14, 1, 960, 960),
	(5, 1, 961, 961),
	(22, 2, 962, 962),
	(7, 1, 963, 963),
	(19, 1, 964, 964),
	(22, 1, 965, 965),
	(5, 1, 966, 966),
	(2, 2, 967, 967),
	(16, 1, 968, 968),
	(7, 2, 969, 969),
	(21, 1, 970, 970),
	(21, 2, 971, 971),
	(22, 1, 972, 972),
	(10, 2, 973, 973),
	(9, 2, 974, 974),
	(1, 1, 975, 975),
	(22, 1, 976, 976),
	(18, 1, 977, 977),
	(17, 2, 978, 978),
	(3, 2, 979, 979),
	(9, 1, 980, 980),
	(12, 1, 981, 981),
	(19, 1, 982, 982),
	(21, 2, 983, 983),
	(13, 1, 984, 984),
	(14, 1, 985, 985),
	(20, 1, 986, 986),
	(2, 1, 987, 987),
	(19, 2, 988, 988),
	(21, 1, 989, 989),
	(22, 1, 990, 990),
	(11, 2, 991, 991),
	(10, 2, 992, 992),
	(9, 2, 993, 993),
	(19, 1, 994, 994),
	(3, 2, 995, 995),
	(7, 1, 996, 996),
	(8, 1, 997, 997),
	(11, 2, 998, 998),
	(9, 2, 999, 999),
	(22, 1, 1000, 1000);
/*!40000 ALTER TABLE `ticket` ENABLE KEYS */;

-- Volcando estructura para disparador proyectorestaurante.addRestauranteNuevo
SET @OLDTMP_SQL_MODE=@@SQL_MODE, SQL_MODE='STRICT_TRANS_TABLES,NO_ENGINE_SUBSTITUTION';
DELIMITER //
CREATE TRIGGER `addRestauranteNuevo` BEFORE INSERT ON `restaurante` FOR EACH ROW BEGIN
INSERT INTO RestauranteNuevo values
(CURRENT_USER(), NOW(), NEW.Cod_Restaurante );
END//
DELIMITER ;
SET SQL_MODE=@OLDTMP_SQL_MODE;

-- Volcando estructura para disparador proyectorestaurante.modificacionPrecio
SET @OLDTMP_SQL_MODE=@@SQL_MODE, SQL_MODE='STRICT_TRANS_TABLES,NO_ENGINE_SUBSTITUTION';
DELIMITER //
CREATE TRIGGER `modificacionPrecio` AFTER UPDATE ON `platos` FOR EACH ROW BEGIN
INSERT INTO auditoria
VALUES (user( ),
CONCAT('Se modifico el precio del inmueble  ',' (',
OLD.precio,') por (', NEW.precio,')'),NOW());
END//
DELIMITER ;
SET SQL_MODE=@OLDTMP_SQL_MODE;

/*!40101 SET SQL_MODE=IFNULL(@OLD_SQL_MODE, '') */;
/*!40014 SET FOREIGN_KEY_CHECKS=IF(@OLD_FOREIGN_KEY_CHECKS IS NULL, 1, @OLD_FOREIGN_KEY_CHECKS) */;
/*!40101 SET CHARACTER_SET_CLIENT=@OLD_CHARACTER_SET_CLIENT */;
/*!40111 SET SQL_NOTES=@OLD_SQL_NOTES */;
